0x76, 0x65, 0x72, 0x64, 0x61, 0x6e, 0x61, 0x31, 0x34, 0x30, 0x2e, 0x74, 0x67, 0x61, 0x00, 0x00, 0x00, 0x00, 0x00, 0x00,
0x07, 0x00, 0x00, 0x04, 0x00, 0x00, 0x00, 0x00, 0x01, 0x00, 0x00, 0x40, 0x00, 0x00, 0xff, 0xff, 0x00, 0x00, 0x05, 0x05,
0x00, 0x00, 0xff, 0xff, 0x00, 0x00, 0x55, 0x55, 0x00, 0x00, 0xff, 0xff, 0x05, 0x05, 0x05, 0x05, 0xff, 0xff, 0x00, 0x00,
0x00, 0x00, 0x00, 0x00, 0x00, 0x00, 0xff, 0xff, 0x00, 0x00, 0x54, 0x54, 0x00, 0x00, 0xff, 0xff, 0x00, 0x00, 0x15, 0x15,
0x00, 0x00, 0xff, 0xff, 0x54, 0x54, 0x54, 0x54, 0x00, 0x00, 0xff, 0xff, 0x15, 0x15, 0x15, 0x15, 0x00, 0x00, 0xff, 0xff,
0x00, 0x00, 0x41, 0x41, 0x00, 0x00, 0xff, 0xff, 0x00, 0x00, 0x54, 0x54, 0x00, 0x00, 0xff, 0xff, 0x41, 0x41, 0x41, 0x41,
0x00, 0x00, 0xff, 0xff, 0x54, 0x54, 0x54, 0x54, 0x00, 0x00, 0xff, 0xff, 0x00, 0x00, 0x15, 0x15, 0x00, 0x00, 0xff, 0xff,
0x00, 0x00, 0x41, 0x41, 0x00, 0x00, 0xff, 0xff, 0x15, 0x15, 0x15, 0x15, 0x00, 0x00, 0xff, 0xff, 0x41, 0x41, 0x41, 0x41,
0x00, 0x00, 0xff, 0xff, 0x00, 0x00, 0x54, 0x54, 0x00, 0x00, 0xff, 0xff, 0x00, 0x00, 0x15, 0x15, 0x00, 0x00, 0xff, 0xff,
0x54, 0x54, 0x54, 0x54, 0x00, 0x00, 0xff, 0xff, 0x15, 0x15, 0x15, 0x15, 0x00, 0x00, 0xff, 0xff, 0x00, 0x00, 0x55, 0x55,
0x00, 0x00, 0xff, 0xff, 0x00, 0x00, 0x05, 0x05, 0xff, 0xff, 0x00, 0x00, 0x00, 0x00, 0x00, 0x00, 0x00, 0x00, 0xff, 0xff,
0x05, 0x05, 0x05, 0x05, 0x00, 0x00, 0xff, 0xff, 0x00, 0x00, 0x55, 0x55, 0x00, 0x00, 0xff, 0xff, 0x00, 0x00, 0x41, 0x41,
0xff, 0xff, 0x00, 0x00, 0x00, 0x00, 0x00, 0x00, 0x00, 0x00, 0xff, 0xff, 0x41, 0x41, 0x41, 0x41, 0x00, 0x00, 0xff, 0xff,
0x00, 0x00, 0x55, 0x55, 0x00, 0x00, 0xff, 0xff, 0x00, 0x00, 0x41, 0x41, 0xff, 0xff, 0x00, 0x00, 0x00, 0x00, 0x00, 0x00,
0x00, 0x00, 0xff, 0xff, 0x41, 0x41, 0x41, 0x41, 0x00, 0x00, 0xff, 0xff, 0x00, 0x00, 0x55, 0x55, 0x00, 0x00, 0xff, 0xff,
0x00, 0x00, 0x41, 0x41, 0xff, 0xff, 0x00, 0x00, 0x00, 0x00, 0x00, 0x00, 0x00, 0x00, 0xff, 0xff, 0x41, 0x41, 0x41, 0x41,
0x00, 0x00, 0xff, 0xff, 0x00, 0x00, 0x55, 0x55, 0x00, 0x00, 0xff, 0xff, 0x00, 0x00, 0x55, 0x55, 0xff, 0xff, 0x00, 0x00,
0x00, 0x00, 0x00, 0x00, 0xff, 0xff, 0x00, 0x00, 0x00, 0x00, 0x00, 0x00, 0x00, 0x00, 0xff, 0xff, 0x00, 0x00, 0x05, 0x05,
0x00, 0x00, 0xff, 0xff, 0x00, 0x00, 0x55, 0x55, 0x00, 0x00, 0xff, 0xff, 0x05, 0x05, 0x05, 0x05, 0xff, 0xff, 0x00, 0x00,
0x00, 0x00, 0x00, 0x00, 0x00, 0x00, 0xff, 0xff, 0x00, 0x00, 0x41, 0x41, 0x00, 0x00, 0xff, 0xff, 0x00, 0x00, 0x55, 0x55,
0x00, 0x00, 0xff, 0xff, 0x41, 0x41, 0x41, 0x41, 0xff, 0xff, 0x00, 0x00, 0x00, 0x00, 0x00, 0x00, 0x00, 0x00, 0xff, 0xff,
0x00, 0x00, 0x55, 0x55, 0x00, 0x00, 0xff, 0xff, 0x00, 0x00, 0x54, 0x54, 0xff, 0xff, 0x00, 0x00, 0x00, 0x00, 0x00, 0x00,
0x00, 0x00, 0xff, 0xff, 0x54, 0x54, 0x54, 0x54, 0x00, 0x00, 0xff, 0xff, 0x00, 0x00, 0x15, 0x15, 0x00, 0x00, 0xff, 0xff,
0x00, 0x00, 0x55, 0x55, 0x00, 0x00, 0xff, 0xff, 0x15, 0x15, 0x15, 0x15, 0xff, 0xff, 0x00, 0x00, 0x00, 0x00, 0x00, 0x00,
0x00, 0x00, 0xff, 0xff, 0x00, 0x00, 0x05, 0x05, 0x00, 0x00, 0xff, 0xff, 0x00, 0x00, 0x55, 0x55, 0x00, 0x00, 0xff, 0xff,
0x05, 0x05, 0x05, 0x05, 0xff, 0xff, 0x00, 0x00, 0x00, 0x00, 0x00, 0x00, 0x00, 0x00, 0xff, 0xff, 0x00, 0x00, 0x54, 0x54,
0x00, 0x00, 0xff, 0xff, 0x00, 0x00, 0x15, 0x15, 0x00, 0x00, 0xff, 0xff, 0x54, 0x54, 0x54, 0x54, 0x00, 0x00, 0xff, 0xff,
0x15, 0x15, 0x15, 0x15, 0x00, 0x00, 0xff, 0xff, 0x00, 0x00, 0x55, 0x55, 0x00, 0x00, 0xff, 0xff, 0x00, 0x00, 0x41, 0x41,
0xff, 0xff, 0x00, 0x00, 0x00, 0x00, 0x00, 0x00, 0x00, 0x00, 0xff, 0xff, 0x41, 0x41, 0x41, 0x41, 0x00, 0x00, 0xff, 0xff,
0x00, 0x00, 0x55, 0x55, 0x00, 0x00, 0xff, 0xff, 0x00, 0x00, 0x55, 0x55, 0xff, 0xff, 0x00, 0x00, 0x00, 0x00, 0x00, 0x00,
0xff, 0xff, 0x00, 0x00, 0x00, 0x00, 0x00, 0x00, 0x00, 0x00, 0xff, 0xff, 0x00, 0x00, 0x05, 0x05, 0x00, 0x00, 0xff, 0xff,
0x00, 0x00, 0x55, 0x55, 0x00, 0x00, 0xff, 0xff, 0x05, 0x05, 0x05, 0x05, 0xff, 0xff, 0x00, 0x00, 0x00, 0x00, 0x00, 0x00,
0x00, 0x00, 0xff, 0xff, 0x00, 0x00, 0x41, 0x41, 0x00, 0x00, 0xff, 0xff, 0x00, 0x00, 0x55, 0x55, 0x00, 0x00, 0xff, 0xff,
0x41, 0x41, 0x41, 0x41, 0xff, 0xff, 0x00, 0x00, 0x00, 0x00, 0x00, 0x00, 0x00, 0x00, 0xff, 0xff, 0x00, 0x00, 0x55, 0x55,
0x00, 0x00, 0xff, 0xff, 0x00, 0x00, 0x41, 0x41, 0xff, 0xff, 0x00, 0x00, 0x00, 0x00, 0x00, 0x00, 0x00, 0x00, 0xff, 0xff,
0x41, 0x41, 0x41, 0x41, 0x00, 0x00, 0xff, 0xff, 0x00, 0x00, 0x55, 0x55, 0x00, 0x00, 0xff, 0xff, 0x00, 0x00, 0x54, 0x54,
0xff, 0xff, 0x00, 0x00, 0x00, 0x00, 0x00, 0x00, 0x00, 0x00, 0xff, 0xff, 0x54, 0x54, 0x54, 0x54, 0x00, 0x00, 0xff, 0xff,
0x00, 0x00, 0x15, 0x15, 0x00, 0x00, 0xff, 0xff, 0x00, 0x00, 0x55, 0x55, 0x00, 0x00, 0xff, 0xff, 0x15, 0x15, 0x15, 0x15,
0xff, 0xff, 0x00, 0x00, 0x00, 0x00, 0x00, 0x00, 0x00, 0x00, 0xff, 0xff, 0x00, 0x00, 0x41, 0x41, 0x00, 0x00, 0xff, 0xff,
0x00, 0x00, 0x55, 0x55, 0x00, 0x00, 0xff, 0xff, 0x41, 0x41, 0x41, 0x41, 0xff, 0xff, 0x00, 0x00, 0x00, 0x00, 0x00, 0x00,
0x00, 0x00, 0xff, 0xff, 0x00, 0x00, 0x55, 0x55, 0x00, 0x00, 0xff, 0xff, 0x00, 0x00, 0x05, 0x05, 0xff, 0xff, 0x00, 0x00,
0x00, 0x00, 0x00, 0x00, 0x00, 0x00, 0xff, 0xff, 0x05, 0x05, 0x05, 0x05, 0x00, 0x00, 0xff, 0xff, 0x00, 0x00, 0x55, 0x55,
0x00, 0x00, 0xff, 0xff, 0x00, 0x00, 0x50, 0x50, 0xff, 0xff, 0x00, 0x00, 0x00, 0x00, 0x00, 0x00, 0x00, 0x00, 0xff, 0xff,
0x50, 0x50, 0x50, 0x50, 0x00, 0x00, 0xff, 0xff, 0x00, 0x00, 0x55, 0x55, 0x00, 0x00, 0xff, 0xff, 0x00, 0x00, 0x55, 0x55,
0xff, 0xff, 0x00, 0x00, 0x00, 0x00, 0x00, 0x00, 0xff, 0xff, 0x00, 0x00, 0x00, 0x00, 0x00, 0x00, 0x00, 0x00, 0xff, 0xff,
0x00, 0x00, 0x50, 0x50, 0x00, 0x00, 0xff, 0xff, 0x00, 0x00, 0x55, 0x55, 0x00, 0x00, 0xff, 0xff, 0x50, 0x50, 0x50, 0x50,
0xff, 0xff, 0x00, 0x00, 0x00, 0x00, 0x00, 0x00, 0x00, 0x00, 0xff, 0xff, 0x00, 0x00, 0x55, 0x55, 0x00, 0x00, 0xff, 0xff,
0x00, 0x00, 0x55, 0x55, 0xff, 0xff, 0x00, 0x00, 0x00, 0x00, 0x00, 0x00, 0xff, 0xff, 0x00, 0x00, 0x00, 0x00, 0x00, 0x00,
0x00, 0x00, 0xff, 0xff, 0x00, 0x00, 0x41, 0x41, 0x00, 0x00, 0xff, 0xff, 0x00, 0x00, 0x55, 0x55, 0x00, 0x00, 0xff, 0xff,
0x41, 0x41, 0x41, 0x41, 0xff, 0xff, 0x00, 0x00, 0x00, 0x00, 0x00, 0x00, 0x00, 0x00, 0xff, 0xff, 0x00, 0x00, 0x54, 0x54,
0x00, 0x00, 0xff, 0xff, 0x00, 0x00, 0x15, 0x15, 0x00, 0x00, 0xff, 0xff, 0x54, 0x54, 0x54, 0x54, 0x00, 0x00, 0xff, 0xff,
0x15, 0x15, 0x15, 0x15, 0x00, 0x00, 0xff, 0xff, 0x00, 0x00, 0x55, 0x55, 0x00, 0x00, 0xff, 0xff, 0x00, 0x00, 0x40, 0x40,
0xff, 0xff, 0x00, 0x00, 0x00, 0x00, 0x00, 0x00, 0x00, 0x00, 0xff, 0xff, 0x40, 0x40, 0x40, 0x40, 0x00, 0x00, 0xff, 0xff,
0x05, 0x05, 0x05, 0x05, 0xff, 0xff, 0x00, 0x00, 0x00, 0x00, 0x00, 0x00, 0x00, 0x00, 0xff, 0xff, 0x05, 0x05, 0x05, 0x05,
0xff, 0xff, 0x00, 0x00, 0x00, 0x00, 0x00, 0x00, 0x00, 0x00, 0xff, 0xff, 0x54, 0x54, 0x54, 0x54, 0x00, 0x00, 0xff, 0xff,
0x15, 0x15, 0x15, 0x15, 0x00, 0x00, 0xff, 0xff, 0x54, 0x54, 0x54, 0x54, 0x00, 0x00, 0xff, 0xff, 0x15, 0x15, 0x15, 0x15,
0x00, 0x00, 0xff, 0xff, 0x41, 0x41, 0x41, 0x41, 0x00, 0x00, 0xff, 0xff, 0x54, 0x54, 0x54, 0x54, 0x00, 0x00, 0xff, 0xff,
0x41, 0x41, 0x41, 0x41, 0x00, 0x00, 0xff, 0xff, 0x54, 0x54, 0x54, 0x54, 0x00, 0x00, 0xff, 0xff, 0x15, 0x15, 0x15, 0x15,
0x00, 0x00, 0xff, 0xff, 0x41, 0x41, 0x41, 0x41, 0x00, 0x00, 0xff, 0xff, 0x15, 0x15, 0x15, 0x15, 0x00, 0x00, 0xff, 0xff,
0x41, 0x41, 0x41, 0x41, 0x00, 0x00, 0xff, 0xff, 0x54, 0x54, 0x54, 0x54, 0x00, 0x00, 0xff, 0xff, 0x15, 0x15, 0x15, 0x15,
0x00, 0x00, 0xff, 0xff, 0x54, 0x54, 0x54, 0x54, 0x00, 0x00, 0xff, 0xff, 0x15, 0x15, 0x15, 0x15, 0xff, 0xff, 0x00, 0x00,
0x00, 0x00, 0x00, 0x00, 0x00, 0x00, 0xff, 0xff, 0x05, 0x05, 0x05, 0x05, 0xff, 0xff, 0x00, 0x00, 0x00, 0x00, 0x00, 0x00,
0x00, 0x00, 0xff, 0xff, 0x05, 0x05, 0x05, 0x05, 0xff, 0xff, 0x00, 0x00, 0x00, 0x00, 0x00, 0x00, 0x00, 0x00, 0xff, 0xff,
0x41, 0x41, 0x41, 0x41, 0xff, 0xff, 0x00, 0x00, 0x00, 0x00, 0x00, 0x00, 0x00, 0x00, 0xff, 0xff, 0x41, 0x41, 0x41, 0x40,
0xff, 0xff, 0x00, 0x00, 0x00, 0x00, 0x00, 0x00, 0x00, 0x00, 0xff, 0xff, 0x41, 0x41, 0x41, 0x41, 0x00, 0x00, 0xff, 0xff,
0x55, 0x55, 0x55, 0x00, 0x00, 0x00, 0xff, 0xff, 0x41, 0x41, 0x41, 0x00, 0xff, 0xff, 0x00, 0x00, 0x00, 0x00, 0x00, 0x00,
0x00, 0x00, 0xff, 0xff, 0x41, 0x41, 0x41, 0x41, 0x00, 0x00, 0xff, 0xff, 0x55, 0x55, 0x55, 0x00, 0x00, 0x00, 0xff, 0xff,
0x41, 0x41, 0x41, 0x00, 0xff, 0xff, 0x00, 0x00, 0x00, 0x00, 0x00, 0x00, 0xff, 0xff, 0x00, 0x00, 0x00, 0x00, 0x00, 0x00,
0x00, 0x00, 0xff, 0xff, 0x55, 0x55, 0x55, 0x00, 0x00, 0x00, 0xff, 0xff, 0x55, 0x55, 0x55, 0x00, 0x00, 0x00, 0xff, 0xff,
0x05, 0x05, 0x05, 0x05, 0xff, 0xff, 0x00, 0x00, 0x00, 0x00, 0x00, 0x00, 0x00, 0x00, 0xff, 0xff, 0x05, 0x05, 0x05, 0x00,
0x00, 0x00, 0xff, 0xff, 0x55, 0x55, 0x55, 0x00, 0x00, 0x00, 0xff, 0xff, 0x41, 0x41, 0x41, 0x41, 0xff, 0xff, 0x00, 0x00,
0x00, 0x00, 0x00, 0x00, 0x00, 0x00, 0xff, 0xff, 0x41, 0x41, 0x40, 0x00, 0x00, 0x00, 0xff, 0xff, 0x55, 0x55, 0x00, 0x00,
0xff, 0xff, 0x00, 0x00, 0x00, 0x00, 0x00, 0x00, 0x00, 0x00, 0xff, 0xff, 0x54, 0x54, 0x54, 0x54, 0x00, 0x00, 0xff, 0xff,
0x55, 0x55, 0x00, 0x00, 0x00, 0x00, 0xff, 0xff, 0x54, 0x54, 0x00, 0x00, 0x00, 0x00, 0xff, 0xff, 0x15, 0x15, 0x15, 0x15,
0xff, 0xff, 0x00, 0x00, 0x00, 0x00, 0x00, 0x00, 0x00, 0x01, 0x00, 0x00, 0x55, 0x55, 0x55, 0x55, 0x00, 0x01, 0x00, 0x00,
0x55, 0x55, 0x55, 0x55, 0x00, 0x00, 0xff, 0xff, 0x05, 0x05, 0x05, 0x05, 0xff, 0xff, 0x00, 0x00, 0x00, 0x00, 0x00, 0x00,
0x00, 0x01, 0x00, 0x00, 0x55, 0x55, 0x55, 0x55, 0x00, 0x01, 0x00, 0x00, 0x55, 0x55, 0x55, 0x55, 0x00, 0x00, 0xff, 0xff,
0x54, 0x54, 0x54, 0x54, 0x00, 0x00, 0xff, 0xff, 0x15, 0x15, 0x15, 0x15, 0x00, 0x01, 0x00, 0x00, 0x55, 0x55, 0x55, 0x55,
0x00, 0x01, 0x00, 0x00, 0x55, 0x55, 0x55, 0x55, 0xff, 0xff, 0x00, 0x00, 0x00, 0x00, 0x00, 0x00, 0x00, 0x00, 0xff, 0xff,
0x41, 0x41, 0x41, 0x41, 0x00, 0x01, 0x00, 0x00, 0x55, 0x55, 0x55, 0x55, 0x00, 0x01, 0x00, 0x00, 0x55, 0x55, 0x55, 0x55,
0xff, 0xff, 0x00, 0x00, 0x00, 0x00, 0x00, 0x00, 0xff, 0xff, 0x00, 0x00, 0x00, 0x00, 0x00, 0x00, 0x00, 0x01, 0x00, 0x00,
0x55, 0x55, 0x55, 0x55, 0x00, 0x01, 0x00, 0x00, 0x55, 0x55, 0x55, 0x55, 0x00, 0x00, 0xff, 0xff, 0x05, 0x05, 0x05, 0x05,
0xff, 0xff, 0x00, 0x00, 0x00, 0x00, 0x00, 0x00, 0x00, 0x01, 0x00, 0x00, 0x55, 0x55, 0x55, 0x55, 0x00, 0x01, 0x00, 0x00,
0x55, 0x55, 0x55, 0x55, 0x00, 0x00, 0xff, 0xff, 0x41, 0x41, 0x41, 0x41, 0xff, 0xff, 0x00, 0x00, 0x00, 0x00, 0x00, 0x00,
0x00, 0x01, 0x00, 0x00, 0x55, 0x55, 0x55, 0x55, 0x00, 0x01, 0x00, 0x00, 0x55, 0x55, 0x55, 0x55, 0xff, 0xff, 0x00, 0x00,
0x00, 0x00, 0x00, 0x00, 0x00, 0x00, 0xff, 0xff, 0x41, 0x41, 0x41, 0x41, 0x00, 0x01, 0x00, 0x00, 0x55, 0x55, 0x55, 0x55,
0x00, 0x01, 0x00, 0x00, 0x55, 0x55, 0x55, 0x55, 0xff, 0xff, 0x00, 0x00, 0x00, 0x00, 0x00, 0x00, 0x00, 0x00, 0xff, 0xff,
0x54, 0x54, 0x54, 0x54, 0x00, 0x01, 0x00, 0x00, 0x55, 0x55, 0x55, 0x55, 0x00, 0x01, 0x00, 0x00, 0x55, 0x55, 0x55, 0x55,
0x00, 0x00, 0xff, 0xff, 0x15, 0x15, 0x15, 0x15, 0xff, 0xff, 0x00, 0x00, 0x00, 0x00, 0x00, 0x00, 0x00, 0x01, 0x00, 0x00,
0x55, 0x55, 0x55, 0x55, 0x00, 0x01, 0x00, 0x00, 0x55, 0x55, 0x55, 0x55, 0x00, 0x00, 0xff, 0xff, 0x41, 0x41, 0x41, 0x41,
0xff, 0xff, 0x00, 0x00, 0x00, 0x00, 0x00, 0x00, 0x00, 0x01, 0x00, 0x00, 0x55, 0x55, 0x55, 0x55, 0x00, 0x01, 0x00, 0x00,
0x55, 0x55, 0x55, 0x55, 0xff, 0xff, 0x00, 0x00, 0x00, 0x00, 0x00, 0x00, 0x00, 0x00, 0xff, 0xff, 0x05, 0x05, 0x05, 0x05,
0x00, 0x01, 0x00, 0x00, 0x55, 0x55, 0x55, 0x55, 0x00, 0x01, 0x00, 0x00, 0x55, 0x55, 0x55, 0x55, 0xff, 0xff, 0x00, 0x00,
0x00, 0x00, 0x00, 0x00, 0x00, 0x00, 0xff, 0xff, 0x50, 0x50, 0x50, 0x50, 0x00, 0x01, 0x00, 0x00, 0x55, 0x55, 0x55, 0x55,
0x00, 0x01, 0x00, 0x00, 0x55, 0x55, 0x55, 0x55, 0xff, 0xff, 0x00, 0x00, 0x00, 0x00, 0x00, 0x00, 0xff, 0xff, 0x00, 0x00,
0x00, 0x00, 0x00, 0x00, 0x00, 0x01, 0x00, 0x00, 0x55, 0x55, 0x55, 0x55, 0x00, 0x01, 0x00, 0x00, 0x55, 0x55, 0x55, 0x55,
0x00, 0x00, 0xff, 0xff, 0x50, 0x50, 0x50, 0x50, 0xff, 0xff, 0x00, 0x00, 0x00, 0x00, 0x00, 0x00, 0x00, 0x01, 0x00, 0x00,
0x55, 0x55, 0x55, 0x55, 0x00, 0x01, 0x00, 0x00, 0x55, 0x55, 0x55, 0x55, 0xff, 0xff, 0x00, 0x00, 0x00, 0x00, 0x00, 0x00,
0xff, 0xff, 0x00, 0x00, 0x00, 0x00, 0x00, 0x00, 0x00, 0x01, 0x00, 0x00, 0x55, 0x55, 0x55, 0x55, 0x00, 0x01, 0x00, 0x00,
0x55, 0x55, 0x55, 0x55, 0x00, 0x00, 0xff, 0xff, 0x41, 0x41, 0x41, 0x41, 0xff, 0xff, 0x00, 0x00, 0x00, 0x00, 0x00, 0x00,
0x00, 0x01, 0x00, 0x00, 0x55, 0x55, 0x55, 0x55, 0x00, 0x01, 0x00, 0x00, 0x55, 0x55, 0x55, 0x55, 0x00, 0x00, 0xff, 0xff,
0x54, 0x54, 0x54, 0x54, 0x00, 0x00, 0xff, 0xff, 0x15, 0x15, 0x15, 0x15, 0x00, 0x01, 0x00, 0x00, 0x55, 0x55, 0x55, 0x55,
0x00, 0x01, 0x00, 0x00, 0x55, 0x55, 0x55, 0x55, 0xff, 0xff, 0x00, 0x00, 0x00, 0x00, 0x00, 0x00, 0x00, 0x00, 0xff, 0xff,
0x40, 0x40, 0x40, 0x40, 0x00, 0x01, 0x00, 0x00, 0x55, 0x55, 0x55, 0x55, 0x00, 0x01, 0x00, 0x00, 0x55, 0x55, 0x55, 0x55,
0x00, 0x00, 0xff, 0xff, 0x00, 0x00, 0x05, 0x05, 0x00, 0x00, 0xff, 0xff, 0x00, 0x00, 0x55, 0x55, 0x00, 0x00, 0xff, 0xff,
0x05, 0x05, 0x05, 0x05, 0xff, 0xff, 0x00, 0x00, 0x00, 0x00, 0x00, 0x00, 0x00, 0x00, 0xff, 0xff, 0x00, 0x00, 0x54, 0x54,
0x00, 0x00, 0xff, 0xff, 0x00, 0x00, 0x15, 0x15, 0x00, 0x00, 0xff, 0xff, 0x54, 0x54, 0x54, 0x54, 0x00, 0x00, 0xff, 0xff,
0x15, 0x15, 0x15, 0x15, 0x00, 0x00, 0xff, 0xff, 0x00, 0x00, 0x50, 0x50, 0x00, 0x00, 0xff, 0xff, 0x00, 0x00, 0x55, 0x55,
0x00, 0x00, 0xff, 0xff, 0x50, 0x50, 0x50, 0x50, 0xff, 0xff, 0x00, 0x00, 0x00, 0x00, 0x00, 0x00, 0x00, 0x00, 0xff, 0xff,
0x00, 0x00, 0x54, 0x54, 0x00, 0x00, 0xff, 0xff, 0x00, 0x00, 0x15, 0x15, 0x00, 0x00, 0xff, 0xff, 0x54, 0x54, 0x54, 0x54,
0x00, 0x00, 0xff, 0xff, 0x15, 0x15, 0x15, 0x15, 0x00, 0x00, 0xff, 0xff, 0x00, 0x00, 0x55, 0x55, 0x00, 0x00, 0xff, 0xff,
0x00, 0x00, 0x05, 0x05, 0xff, 0xff, 0x00, 0x00, 0x00, 0x00, 0x00, 0x00, 0x00, 0x00, 0xff, 0xff, 0x05, 0x05, 0x05, 0x05,
0x00, 0x00, 0xff, 0xff, 0x00, 0x00, 0x55, 0x55, 0x00, 0x00, 0xff, 0xff, 0x00, 0x00, 0x50, 0x50, 0xff, 0xff, 0x00, 0x00,
0x00, 0x00, 0x00, 0x00, 0x00, 0x00, 0xff, 0xff, 0x50, 0x50, 0x50, 0x50, 0x00, 0x00, 0xff, 0xff, 0x00, 0x00, 0x55, 0x55,
0x00, 0x00, 0xff, 0xff, 0x00, 0x00, 0x54, 0x54, 0xff, 0xff, 0x00, 0x00, 0x00, 0x00, 0x00, 0x00, 0x00, 0x00, 0xff, 0xff,
0x54, 0x54, 0x54, 0x54, 0x00, 0x00, 0xff, 0xff, 0x00, 0x00, 0x15, 0x15, 0x00, 0x00, 0xff, 0xff, 0x00, 0x00, 0x55, 0x55,
0x00, 0x00, 0xff, 0xff, 0x15, 0x15, 0x15, 0x15, 0xff, 0xff, 0x00, 0x00, 0x00, 0x00, 0x00, 0x00, 0x00, 0x00, 0xff, 0xff,
0x00, 0x00, 0x05, 0x05, 0x00, 0x00, 0xff, 0xff, 0x00, 0x00, 0x55, 0x55, 0x00, 0x00, 0xff, 0xff, 0x05, 0x05, 0x05, 0x05,
0xff, 0xff, 0x00, 0x00, 0x00, 0x00, 0x00, 0x00, 0x00, 0x00, 0xff, 0xff, 0x00, 0x00, 0x41, 0x41, 0x00, 0x00, 0xff, 0xff,
0x00, 0x00, 0x55, 0x55, 0x00, 0x00, 0xff, 0xff, 0x41, 0x41, 0x41, 0x41, 0xff, 0xff, 0x00, 0x00, 0x00, 0x00, 0x00, 0x00,
0x00, 0x00, 0xff, 0xff, 0x00, 0x00, 0x50, 0x50, 0x00, 0x00, 0xff, 0xff, 0x00, 0x00, 0x55, 0x55, 0x00, 0x00, 0xff, 0xff,
0x50, 0x50, 0x50, 0x50, 0xff, 0xff, 0x00, 0x00, 0x00, 0x00, 0x00, 0x00, 0x00, 0x00, 0xff, 0xff, 0x00, 0x00, 0x54, 0x54,
0x00, 0x00, 0xff, 0xff, 0x00, 0x00, 0x15, 0x15, 0x00, 0x00, 0xff, 0xff, 0x54, 0x54, 0x54, 0x54, 0x00, 0x00, 0xff, 0xff,
0x15, 0x15, 0x15, 0x15, 0x00, 0x00, 0xff, 0xff, 0x00, 0x00, 0x55, 0x55, 0x00, 0x00, 0xff, 0xff, 0x00, 0x00, 0x04, 0x04,
0xff, 0xff, 0x00, 0x00, 0x00, 0x00, 0x00, 0x00, 0x00, 0x00, 0xff, 0xff, 0x04, 0x04, 0x04, 0x04, 0x00, 0x00, 0xff, 0xff,
0x00, 0x00, 0x15, 0x15, 0x00, 0x00, 0xff, 0xff, 0x00, 0x00, 0x55, 0x55, 0x00, 0x00, 0xff, 0xff, 0x15, 0x15, 0x15, 0x15,
0xff, 0xff, 0x00, 0x00, 0x00, 0x00, 0x00, 0x00, 0x00, 0x00, 0xff, 0xff, 0x00, 0x00, 0x41, 0x41, 0x00, 0x00, 0xff, 0xff,
0x00, 0x00, 0x55, 0x55, 0x00, 0x00, 0xff, 0xff, 0x41, 0x41, 0x41, 0x41, 0xff, 0xff, 0x00, 0x00, 0x00, 0x00, 0x00, 0x00,
0x00, 0x00, 0xff, 0xff, 0x00, 0x00, 0x55, 0x55, 0x00, 0x00, 0xff, 0xff, 0x00, 0x00, 0x05, 0x05, 0xff, 0xff, 0x00, 0x00,
0x00, 0x00, 0x00, 0x00, 0x00, 0x00, 0xff, 0xff, 0x05, 0x05, 0x05, 0x05, 0x00, 0x00, 0xff, 0xff, 0x00, 0x00, 0x55, 0x55,
0x00, 0x00, 0xff, 0xff, 0x00, 0x00, 0x50, 0x50, 0xff, 0xff, 0x00, 0x00, 0x00, 0x00, 0x00, 0x00, 0x00, 0x00, 0xff, 0xff,
0x50, 0x50, 0x50, 0x50, 0x00, 0x00, 0xff, 0xff, 0x00, 0x00, 0x55, 0x55, 0x00, 0x00, 0xff, 0xff, 0x00, 0x00, 0x55, 0x55,
0xff, 0xff, 0x00, 0x00, 0x00, 0x00, 0x00, 0x00, 0xff, 0xff, 0x00, 0x00, 0x00, 0x00, 0x00, 0x00, 0x00, 0x00, 0xff, 0xff,
0x00, 0x00, 0x55, 0x55, 0x00, 0x00, 0xff, 0xff, 0x00, 0x00, 0x41, 0x41, 0xff, 0xff, 0x00, 0x00, 0x00, 0x00, 0x00, 0x00,
0x00, 0x00, 0xff, 0xff, 0x41, 0x41, 0x41, 0x41, 0x00, 0x00, 0xff, 0xff, 0x00, 0x00, 0x55, 0x55, 0x00, 0x00, 0xff, 0xff,
0x00, 0x00, 0x55, 0x55, 0xff, 0xff, 0x00, 0x00, 0x00, 0x00, 0x00, 0x00, 0xff, 0xff, 0x00, 0x00, 0x00, 0x00, 0x00, 0x00,
0x00, 0x00, 0xff, 0xff, 0x00, 0x00, 0x05, 0x05, 0x00, 0x00, 0xff, 0xff, 0x00, 0x00, 0x55, 0x55, 0x00, 0x00, 0xff, 0xff,
0x05, 0x05, 0x05, 0x05, 0xff, 0xff, 0x00, 0x00, 0x00, 0x00, 0x00, 0x00, 0x00, 0x00, 0xff, 0xff, 0x00, 0x00, 0x54, 0x54,
0x00, 0x00, 0xff, 0xff, 0x00, 0x00, 0x15, 0x15, 0x00, 0x00, 0xff, 0xff, 0x54, 0x54, 0x54, 0x54, 0x00, 0x00, 0xff, 0xff,
0x15, 0x15, 0x15, 0x15, 0x00, 0x00, 0xff, 0xff, 0x00, 0x00, 0x55, 0x55, 0x00, 0x00, 0xff, 0xff, 0x00, 0x00, 0x05, 0x05,
0xff, 0xff, 0x00, 0x00, 0x00, 0x00, 0x00, 0x00, 0x00, 0x00, 0xff, 0xff, 0x05, 0x05, 0x05, 0x05, 0x00, 0x00, 0xff, 0xff,
0x00, 0x00, 0x55, 0x55, 0x00, 0x00, 0xff, 0xff, 0x00, 0x00, 0x41, 0x41, 0xff, 0xff, 0x00, 0x00, 0x00, 0x00, 0x00, 0x00,
0x00, 0x00, 0xff, 0xff, 0x41, 0x41, 0x41, 0x41, 0x00, 0x00, 0xff, 0xff, 0x00, 0x00, 0x55, 0x55, 0x00, 0x00, 0xff, 0xff,
0x00, 0x00, 0x55, 0x55, 0xff, 0xff, 0x00, 0x00, 0x00, 0x00, 0x00, 0x00, 0xff, 0xff, 0x00, 0x00, 0x00, 0x00, 0x00, 0x00,
0x00, 0x00, 0xff, 0xff, 0x00, 0x00, 0x05, 0x05, 0x00, 0x00, 0xff, 0xff, 0x00, 0x00, 0x55, 0x55, 0x00, 0x00, 0xff, 0xff,
0x05, 0x05, 0x05, 0x05, 0xff, 0xff, 0x00, 0x00, 0x00, 0x00, 0x00, 0x00, 0x00, 0x00, 0xff, 0xff, 0x00, 0x00, 0x50, 0x50,
0x00, 0x00, 0xff, 0xff, 0x00, 0x00, 0x54, 0x54, 0x00, 0x00, 0xff, 0xff, 0x50, 0x50, 0x50, 0x50, 0x00, 0x00, 0xff, 0xff,
0x54, 0x54, 0x54, 0x54, 0x00, 0x00, 0xff, 0xff, 0x00, 0x00, 0x14, 0x14, 0x00, 0x00, 0xff, 0xff, 0x00, 0x00, 0x15, 0x15,
0x00, 0x00, 0xff, 0xff, 0x14, 0x14, 0x14, 0x14, 0x00, 0x00, 0xff, 0xff, 0x15, 0x15, 0x15, 0x15, 0x00, 0x00, 0xff, 0xff,
0x00, 0x00, 0x54, 0x54, 0x00, 0x00, 0xff, 0xff, 0x00, 0x00, 0x15, 0x15, 0x00, 0x00, 0xff, 0xff, 0x54, 0x54, 0x54, 0x54,
0x00, 0x00, 0xff, 0xff, 0x15, 0x15, 0x15, 0x15, 0x00, 0x00, 0xff, 0xff, 0x00, 0x00, 0x50, 0x50, 0x00, 0x00, 0xff, 0xff,
0x00, 0x00, 0x55, 0x55, 0x00, 0x00, 0xff, 0xff, 0x50, 0x50, 0x50, 0x50, 0xff, 0xff, 0x00, 0x00, 0x00, 0x00, 0x00, 0x00,
0x00, 0x00, 0xff, 0xff, 0x00, 0x00, 0x55, 0x55, 0x00, 0x00, 0xff, 0xff, 0x00, 0x00, 0x05, 0x05, 0xff, 0xff, 0x00, 0x00,
0x00, 0x00, 0x00, 0x00, 0x00, 0x00, 0xff, 0xff, 0x05, 0x05, 0x05, 0x05, 0x00, 0x00, 0xff, 0xff, 0x00, 0x00, 0x55, 0x55,
0x00, 0x00, 0xff, 0xff, 0x00, 0x00, 0x40, 0x40, 0xff, 0xff, 0x00, 0x00, 0x00, 0x00, 0x00, 0x00, 0x00, 0x00, 0xff, 0xff,
0x40, 0x40, 0x40, 0x40, 0x00, 0x00, 0xff, 0xff, 0x05, 0x05, 0x05, 0x05, 0xff, 0xff, 0x00, 0x00, 0x00, 0x00, 0x00, 0x00,
0x00, 0x00, 0xff, 0xff, 0x00, 0x00, 0x05, 0x05, 0x00, 0x00, 0xff, 0xff, 0x00, 0x00, 0x55, 0x55, 0x00, 0x00, 0xff, 0xff,
0x54, 0x54, 0x54, 0x54, 0x00, 0x00, 0xff, 0xff, 0x15, 0x15, 0x15, 0x15, 0x00, 0x00, 0xff, 0xff, 0x00, 0x00, 0x54, 0x54,
0x00, 0x00, 0xff, 0xff, 0x00, 0x00, 0x10, 0x10, 0x00, 0x00, 0xff, 0xff, 0x50, 0x50, 0x50, 0x50, 0xff, 0xff, 0x00, 0x00,
0x00, 0x00, 0x00, 0x00, 0x00, 0x00, 0xff, 0xff, 0x00, 0x00, 0x55, 0x55, 0x00, 0x00, 0xff, 0xff, 0x00, 0x00, 0x55, 0x55,
0x00, 0x00, 0xff, 0xff, 0x54, 0x54, 0x54, 0x54, 0x00, 0x00, 0xff, 0xff, 0x15, 0x15, 0x15, 0x15, 0x00, 0x00, 0xff, 0xff,
0x00, 0x00, 0x05, 0x05, 0x00, 0x00, 0xff, 0xff, 0x00, 0x00, 0x55, 0x55, 0xff, 0xff, 0x00, 0x00, 0x00, 0x00, 0x00, 0x00,
0x00, 0x00, 0xff, 0xff, 0x05, 0x05, 0x05, 0x05, 0x00, 0x00, 0xff, 0xff, 0x00, 0x00, 0x50, 0x50, 0x00, 0x00, 0xff, 0xff,
0x00, 0x00, 0x55, 0x55, 0xff, 0xff, 0x00, 0x00, 0x00, 0x00, 0x00, 0x00, 0x00, 0x00, 0xff, 0xff, 0x50, 0x50, 0x50, 0x50,
0x00, 0x00, 0xff, 0xff, 0x00, 0x00, 0x55, 0x55, 0x00, 0x00, 0xff, 0xff, 0x00, 0x00, 0x41, 0x41, 0xff, 0xff, 0x00, 0x00,
0x00, 0x00, 0x00, 0x00, 0x00, 0x00, 0xff, 0xff, 0x54, 0x54, 0x54, 0x54, 0x00, 0x00, 0xff, 0xff, 0x00, 0x00, 0x55, 0x55,
0x00, 0x00, 0xff, 0xff, 0x00, 0x00, 0x54, 0x54, 0x00, 0x00, 0xff, 0xff, 0x15, 0x15, 0x15, 0x15, 0xff, 0xff, 0x00, 0x00,
0x00, 0x00, 0x00, 0x00, 0x00, 0x00, 0xff, 0xff, 0x00, 0x00, 0x14, 0x14, 0x00, 0x00, 0xff, 0xff, 0x00, 0x00, 0x15, 0x15,
0x00, 0x00, 0xff, 0xff, 0x05, 0x05, 0x05, 0x05, 0xff, 0xff, 0x00, 0x00, 0x00, 0x00, 0x00, 0x00, 0x00, 0x00, 0xff, 0xff,
0x00, 0x00, 0x41, 0x41, 0x00, 0x00, 0xff, 0xff, 0x00, 0x00, 0x05, 0x05, 0x00, 0x00, 0xff, 0xff, 0x41, 0x41, 0x41, 0x41,
0xff, 0xff, 0x00, 0x00, 0x00, 0x00, 0x00, 0x00, 0x00, 0x00, 0xff, 0xff, 0x00, 0x00, 0x55, 0x55, 0x00, 0x00, 0xff, 0xff,
0x00, 0x00, 0x54, 0x54, 0x00, 0x00, 0xff, 0xff, 0x50, 0x50, 0x50, 0x50, 0xff, 0xff, 0x00, 0x00, 0x00, 0x00, 0x00, 0x00,
0x00, 0x00, 0xff, 0xff, 0x00, 0x00, 0x10, 0x10, 0x00, 0x00, 0xff, 0xff, 0x00, 0x00, 0x55, 0x00, 0x00, 0x00, 0xff, 0xff,
0x54, 0x54, 0x54, 0x54, 0x00, 0x00, 0xff, 0xff, 0x15, 0x15, 0x15, 0x15, 0x00, 0x00, 0xff, 0xff, 0x00, 0x00, 0x41, 0x00,
0x00, 0x00, 0xff, 0xff, 0x00, 0x00, 0x55, 0x00, 0xff, 0xff, 0x00, 0x00, 0x00, 0x00, 0x00, 0x00, 0x00, 0x00, 0xff, 0xff,
0x04, 0x04, 0x04, 0x04, 0x00, 0x00, 0xff, 0xff, 0x00, 0x00, 0x55, 0x00, 0x00, 0x01, 0x00, 0x00, 0x55, 0x55, 0x55, 0x55,
0x00, 0x00, 0xff, 0xff, 0x15, 0x15, 0x15, 0x15, 0xff, 0xff, 0x00, 0x00, 0x00, 0x00, 0x00, 0x00, 0x00, 0x01, 0x00, 0x00,
0x55, 0x55, 0x55, 0x55, 0x00, 0x01, 0x00, 0x00, 0x55, 0x55, 0x55, 0x55, 0x00, 0x00, 0xff, 0xff, 0x41, 0x41, 0x41, 0x41,
0xff, 0xff, 0x00, 0x00, 0x00, 0x00, 0x00, 0x00, 0x00, 0x01, 0x00, 0x00, 0x55, 0x55, 0x55, 0x55, 0x00, 0x01, 0x00, 0x00,
0x55, 0x55, 0x55, 0x55, 0xff, 0xff, 0x00, 0x00, 0x00, 0x00, 0x00, 0x00, 0x00, 0x00, 0xff, 0xff, 0x05, 0x05, 0x05, 0x05,
0x00, 0x01, 0x00, 0x00, 0x55, 0x55, 0x55, 0x55, 0x00, 0x01, 0x00, 0x00, 0x55, 0x55, 0x55, 0x55, 0xff, 0xff, 0x00, 0x00,
0x00, 0x00, 0x00, 0x00, 0x00, 0x00, 0xff, 0xff, 0x50, 0x50, 0x50, 0x50, 0x00, 0x01, 0x00, 0x00, 0x55, 0x55, 0x55, 0x55,
0x00, 0x01, 0x00, 0x00, 0x55, 0x55, 0x55, 0x55, 0xff, 0xff, 0x00, 0x00, 0x00, 0x00, 0x00, 0x00, 0xff, 0xff, 0x00, 0x00,
0x00, 0x00, 0x00, 0x00, 0x00, 0x01, 0x00, 0x00, 0x55, 0x55, 0x55, 0x55, 0x00, 0x01, 0x00, 0x00, 0x55, 0x55, 0x55, 0x55,
0xff, 0xff, 0x00, 0x00, 0x00, 0x00, 0x00, 0x00, 0x00, 0x00, 0xff, 0xff, 0x41, 0x41, 0x41, 0x41, 0x00, 0x01, 0x00, 0x00,
0x55, 0x55, 0x55, 0x55, 0x00, 0x01, 0x00, 0x00, 0x55, 0x55, 0x55, 0x55, 0xff, 0xff, 0x00, 0x00, 0x00, 0x00, 0x00, 0x00,
0xff, 0xff, 0x00, 0x00, 0x00, 0x00, 0x00, 0x00, 0x00, 0x01, 0x00, 0x00, 0x55, 0x55, 0x55, 0x55, 0x00, 0x01, 0x00, 0x00,
0x55, 0x55, 0x55, 0x55, 0x00, 0x00, 0xff, 0xff, 0x05, 0x05, 0x05, 0x05, 0xff, 0xff, 0x00, 0x00, 0x00, 0x00, 0x00, 0x00,
0x00, 0x01, 0x00, 0x00, 0x55, 0x55, 0x55, 0x55, 0x00, 0x01, 0x00, 0x00, 0x55, 0x55, 0x55, 0x55, 0x00, 0x00, 0xff, 0xff,
0x54, 0x54, 0x54, 0x54, 0x00, 0x00, 0xff, 0xff, 0x15, 0x15, 0x15, 0x15, 0x00, 0x01, 0x00, 0x00, 0x55, 0x55, 0x55, 0x55,
0x00, 0x01, 0x00, 0x00, 0x55, 0x55, 0x55, 0x55, 0xff, 0xff, 0x00, 0x00, 0x00, 0x00, 0x00, 0x00, 0x00, 0x00, 0xff, 0xff,
0x05, 0x05, 0x05, 0x05, 0x00, 0x01, 0x00, 0x00, 0x55, 0x55, 0x55, 0x55, 0x00, 0x01, 0x00, 0x00, 0x55, 0x55, 0x55, 0x55,
0xff, 0xff, 0x00, 0x00, 0x00, 0x00, 0x00, 0x00, 0x00, 0x00, 0xff, 0xff, 0x41, 0x41, 0x41, 0x41, 0x00, 0x01, 0x00, 0x00,
0x55, 0x55, 0x55, 0x55, 0x00, 0x01, 0x00, 0x00, 0x55, 0x55, 0x55, 0x55, 0xff, 0xff, 0x00, 0x00, 0x00, 0x00, 0x00, 0x00,
0xff, 0xff, 0x00, 0x00, 0x00, 0x00, 0x00, 0x00, 0x00, 0x01, 0x00, 0x00, 0x55, 0x55, 0x55, 0x55, 0x00, 0x01, 0x00, 0x00,
0x55, 0x55, 0x55, 0x55, 0x00, 0x00, 0xff, 0xff, 0x05, 0x05, 0x05, 0x05, 0xff, 0xff, 0x00, 0x00, 0x00, 0x00, 0x00, 0x00,
0x00, 0x01, 0x00, 0x00, 0x55, 0x55, 0x55, 0x55, 0x00, 0x01, 0x00, 0x00, 0x55, 0x55, 0x55, 0x55, 0x00, 0x00, 0xff, 0xff,
0x50, 0x50, 0x50, 0x50, 0x00, 0x00, 0xff, 0xff, 0x54, 0x54, 0x54, 0x54, 0x00, 0x01, 0x00, 0x00, 0x55, 0x55, 0x55, 0x55,
0x00, 0x01, 0x00, 0x00, 0x55, 0x55, 0x55, 0x55, 0x00, 0x00, 0xff, 0xff, 0x14, 0x14, 0x14, 0x14, 0x00, 0x00, 0xff, 0xff,
0x15, 0x15, 0x15, 0x15, 0x00, 0x01, 0x00, 0x00, 0x55, 0x55, 0x55, 0x55, 0x00, 0x01, 0x00, 0x00, 0x55, 0x55, 0x55, 0x55,
0x00, 0x00, 0xff, 0xff, 0x54, 0x54, 0x54, 0x54, 0x00, 0x00, 0xff, 0xff, 0x15, 0x15, 0x15, 0x15, 0x00, 0x01, 0x00, 0x00,
0x55, 0x55, 0x55, 0x55, 0x00, 0x01, 0x00, 0x00, 0x55, 0x55, 0x55, 0x55, 0x00, 0x00, 0xff, 0xff, 0x50, 0x50, 0x50, 0x50,
0xff, 0xff, 0x00, 0x00, 0x00, 0x00, 0x00, 0x00, 0x00, 0x01, 0x00, 0x00, 0x55, 0x55, 0x55, 0x55, 0x00, 0x01, 0x00, 0x00,
0x55, 0x55, 0x55, 0x55, 0xff, 0xff, 0x00, 0x00, 0x00, 0x00, 0x00, 0x00, 0x00, 0x00, 0xff, 0xff, 0x05, 0x00, 0x00, 0x00,
0x00, 0x01, 0x00, 0x00, 0x55, 0x55, 0x55, 0x55, 0x00, 0x01, 0x00, 0x00, 0x55, 0x55, 0x55, 0x55, 0x00, 0x00, 0xff, 0xff,
0x55, 0x00, 0x00, 0x00, 0x00, 0x00, 0xff, 0xff, 0x40, 0x00, 0x00, 0x00, 0x00, 0x01, 0x00, 0x00, 0x55, 0x55, 0x55, 0x55,
0x00, 0x01, 0x00, 0x00, 0x55, 0x55, 0x55, 0x55, 0x00, 0x00, 0xff, 0xff, 0x05, 0x05, 0x05, 0x05, 0xff, 0xff, 0x00, 0x00,
0x00, 0x00, 0x00, 0x00, 0x00, 0x00, 0xff, 0xff, 0x05, 0x05, 0x05, 0x00, 0x00, 0x00, 0xff, 0xff, 0x55, 0x55, 0x55, 0x00,
0x00, 0x00, 0xff, 0xff, 0x54, 0x54, 0x54, 0x54, 0x00, 0x00, 0xff, 0xff, 0x10, 0x10, 0x10, 0x10, 0x00, 0x00, 0xff, 0xff,
0x54, 0x54, 0x54, 0x00, 0x00, 0x00, 0xff, 0xff, 0x10, 0x10, 0x00, 0x00, 0xff, 0xff, 0x00, 0x00, 0x00, 0x00, 0x00, 0x00,
0xff, 0xff, 0x00, 0x00, 0x00, 0x00, 0x00, 0x00, 0x00, 0x00, 0xff, 0xff, 0x55, 0x55, 0x00, 0x00, 0x00, 0x00, 0xff, 0xff,
0x55, 0x55, 0x00, 0x00, 0x00, 0x00, 0xff, 0xff, 0x05, 0x05, 0x05, 0x05, 0xff, 0xff, 0x00, 0x00, 0x00, 0x00, 0x00, 0x00,
0x00, 0x00, 0xff, 0xff, 0x05, 0x05, 0x00, 0x00, 0x00, 0x00, 0xff, 0xff, 0x55, 0x55, 0x00, 0x00, 0x00, 0x00, 0xff, 0xff,
0x50, 0x50, 0x50, 0x50, 0x00, 0x00, 0xff, 0xff, 0x55, 0x55, 0x55, 0x00, 0x00, 0x00, 0xff, 0xff, 0x50, 0x50, 0x00, 0x00,
0x00, 0x01, 0x00, 0x00, 0x55, 0x55, 0x55, 0x55, 0x00, 0x00, 0xff, 0xff, 0x55, 0x55, 0x55, 0x00, 0x00, 0x00, 0xff, 0xff,
0x41, 0x41, 0x40, 0x00, 0x00, 0x01, 0x00, 0x00, 0x55, 0x55, 0x55, 0x55, 0x00, 0x01, 0x00, 0x00, 0x55, 0x55, 0x55, 0x55,
0x00, 0x00, 0xff, 0xff, 0x55, 0x55, 0x00, 0x00, 0x00, 0x00, 0xff, 0xff, 0x54, 0x54, 0x00, 0x00, 0x00, 0x01, 0x00, 0x00,
0x55, 0x55, 0x55, 0x55, 0x00, 0x01, 0x00, 0x00, 0x55, 0x55, 0x55, 0x55, 0x00, 0x00, 0xff, 0xff, 0x14, 0x14, 0x00, 0x00,
0x00, 0x00, 0xff, 0xff, 0x15, 0x15, 0x00, 0x00, 0x00, 0x01, 0x00, 0x00, 0x55, 0x55, 0x55, 0x55, 0x00, 0x01, 0x00, 0x00,
0x55, 0x55, 0x55, 0x55, 0x00, 0x00, 0xff, 0xff, 0x41, 0x41, 0x00, 0x00, 0x00, 0x00, 0xff, 0xff, 0x05, 0x05, 0x00, 0x00,
0x00, 0x01, 0x00, 0x00, 0x55, 0x55, 0x55, 0x55, 0x00, 0x01, 0x00, 0x00, 0x55, 0x55, 0x55, 0x55, 0x00, 0x00, 0xff, 0xff,
0x55, 0x55, 0x00, 0x00, 0x00, 0x00, 0xff, 0xff, 0x54, 0x54, 0x00, 0x00, 0x00, 0x01, 0x00, 0x00, 0x55, 0x55, 0x55, 0x55,
0x00, 0x01, 0x00, 0x00, 0x55, 0x55, 0x55, 0x55, 0x00, 0x01, 0x00, 0x00, 0x55, 0x55, 0x55, 0x55, 0x00, 0x01, 0x00, 0x00,
0x55, 0x55, 0x55, 0x55, 0x00, 0x01, 0x00, 0x00, 0x55, 0x55, 0x55, 0x55, 0x00, 0x01, 0x00, 0x00, 0x55, 0x55, 0x55, 0x55,
0x00, 0x01, 0x00, 0x00, 0x55, 0x55, 0x55, 0x55, 0x00, 0x01, 0x00, 0x00, 0x55, 0x55, 0x55, 0x55, 0x00, 0x01, 0x00, 0x00,
0x55, 0x55, 0x55, 0x55, 0x00, 0x01, 0x00, 0x00, 0x55, 0x55, 0x55, 0x55, 0x00, 0x01, 0x00, 0x00, 0x55, 0x55, 0x55, 0x55,
0x00, 0x01, 0x00, 0x00, 0x55, 0x55, 0x55, 0x55, 0x00, 0x01, 0x00, 0x00, 0x55, 0x55, 0x55, 0x55, 0x00, 0x01, 0x00, 0x00,
0x55, 0x55, 0x55, 0x55, 0x00, 0x01, 0x00, 0x00, 0x55, 0x55, 0x55, 0x55, 0x00, 0x01, 0x00, 0x00, 0x55, 0x55, 0x55, 0x55,
0x00, 0x01, 0x00, 0x00, 0x55, 0x55, 0x55, 0x55, 0x00, 0x01, 0x00, 0x00, 0x55, 0x55, 0x55, 0x55, 0x00, 0x01, 0x00, 0x00,
0x55, 0x55, 0x55, 0x55, 0x00, 0x01, 0x00, 0x00, 0x55, 0x55, 0x55, 0x55, 0x00, 0x01, 0x00, 0x00, 0x55, 0x55, 0x55, 0x55,
0x00, 0x01, 0x00, 0x00, 0x55, 0x55, 0x55, 0x55, 0x00, 0x01, 0x00, 0x00, 0x55, 0x55, 0x55, 0x55, 0x00, 0x01, 0x00, 0x00,
0x55, 0x55, 0x55, 0x55, 0x00, 0x01, 0x00, 0x00, 0x55, 0x55, 0x55, 0x55, 0x00, 0x01, 0x00, 0x00, 0x55, 0x55, 0x55, 0x55,
0x00, 0x01, 0x00, 0x00, 0x55, 0x55, 0x55, 0x55, 0x00, 0x01, 0x00, 0x00, 0x55, 0x55, 0x55, 0x55, 0x00, 0x01, 0x00, 0x00,
0x55, 0x55, 0x55, 0x55, 0x00, 0x01, 0x00, 0x00, 0x55, 0x55, 0x55, 0x55, 0x00, 0x01, 0x00, 0x00, 0x55, 0x55, 0x55, 0x55,
0x00, 0x01, 0x00, 0x00, 0x55, 0x55, 0x55, 0x55, 0x00, 0x01, 0x00, 0x00, 0x55, 0x55, 0x55, 0x55, 0x00, 0x01, 0x00, 0x00,
0x55, 0x55, 0x55, 0x55, 0x00, 0x01, 0x00, 0x00, 0x55, 0x55, 0x55, 0x55, 0x00, 0x01, 0x00, 0x00, 0x55, 0x55, 0x55, 0x55,
0x00, 0x01, 0x00, 0x00, 0x55, 0x55, 0x55, 0x55, 0x00, 0x01, 0x00, 0x00, 0x55, 0x55, 0x55, 0x55, 0x00, 0x01, 0x00, 0x00,
0x55, 0x55, 0x55, 0x55, 0x00, 0x01, 0x00, 0x00, 0x55, 0x55, 0x55, 0x55, 0x00, 0x01, 0x00, 0x00, 0x55, 0x55, 0x55, 0x55,
0x00, 0x01, 0x00, 0x00, 0x55, 0x55, 0x55, 0x55, 0x00, 0x01, 0x00, 0x00, 0x55, 0x55, 0x55, 0x55, 0x00, 0x01, 0x00, 0x00,
0x55, 0x55, 0x55, 0x55, 0x00, 0x01, 0x00, 0x00, 0x55, 0x55, 0x55, 0x55, 0x00, 0x01, 0x00, 0x00, 0x55, 0x55, 0x55, 0x55,
0x00, 0x01, 0x00, 0x00, 0x55, 0x55, 0x55, 0x55, 0x00, 0x01, 0x00, 0x00, 0x55, 0x55, 0x55, 0x55, 0x00, 0x01, 0x00, 0x00,
0x55, 0x55, 0x55, 0x55, 0x00, 0x01, 0x00, 0x00, 0x55, 0x55, 0x55, 0x55, 0x00, 0x01, 0x00, 0x00, 0x55, 0x55, 0x55, 0x55,
0x00, 0x01, 0x00, 0x00, 0x55, 0x55, 0x55, 0x55, 0x00, 0x01, 0x00, 0x00, 0x55, 0x55, 0x55, 0x55, 0x00, 0x01, 0x00, 0x00,
0x55, 0x55, 0x55, 0x55, 0x00, 0x01, 0x00, 0x00, 0x55, 0x55, 0x55, 0x55, 0x00, 0x01, 0x00, 0x00, 0x55, 0x55, 0x55, 0x55,
0x00, 0x01, 0x00, 0x00, 0x55, 0x55, 0x55, 0x55, 0x00, 0x01, 0x00, 0x00, 0x55, 0x55, 0x55, 0x55, 0x00, 0x01, 0x00, 0x00,
0x55, 0x55, 0x55, 0x55, 0x00, 0x01, 0x00, 0x00, 0x55, 0x55, 0x55, 0x55, 0x00, 0x01, 0x00, 0x00, 0x55, 0x55, 0x55, 0x55,
0x00, 0x01, 0x00, 0x00, 0x55, 0x55, 0x55, 0x55, 0x00, 0x01, 0x00, 0x00, 0x55, 0x55, 0x55, 0x55, 0x00, 0x01, 0x00, 0x00,
0x55, 0x55, 0x55, 0x55, 0x00, 0x01, 0x00, 0x00, 0x55, 0x55, 0x55, 0x55, 0x00, 0x01, 0x00, 0x00, 0x55, 0x55, 0x55, 0x55,
0x00, 0x01, 0x00, 0x00, 0x55, 0x55, 0x55, 0x55, 0x00, 0x01, 0x00, 0x00, 0x55, 0x55, 0x55, 0x55, 0x00, 0x01, 0x00, 0x00,
0x55, 0x55, 0x55, 0x55, 0x00, 0x01, 0x00, 0x00, 0x55, 0x55, 0x55, 0x55, 0x00, 0x01, 0x00, 0x00, 0x55, 0x55, 0x55, 0x55,
0x00, 0x01, 0x00, 0x00, 0x55, 0x55, 0x55, 0x55, 0x00, 0x01, 0x00, 0x00, 0x55, 0x55, 0x55, 0x55, 0x00, 0x01, 0x00, 0x00,
0x55, 0x55, 0x55, 0x55, 0x00, 0x01, 0x00, 0x00, 0x55, 0x55, 0x55, 0x55, 0x00, 0x01, 0x00, 0x00, 0x55, 0x55, 0x55, 0x55,
0x00, 0x01, 0x00, 0x00, 0x55, 0x55, 0x55, 0x55, 0x00, 0x01, 0x00, 0x00, 0x55, 0x55, 0x55, 0x55, 0x00, 0x01, 0x00, 0x00,
0x55, 0x55, 0x55, 0x55, 0x00, 0x01, 0x00, 0x00, 0x55, 0x55, 0x55, 0x55, 0x00, 0x01, 0x00, 0x00, 0x55, 0x55, 0x55, 0x55,
0x00, 0x01, 0x00, 0x00, 0x55, 0x55, 0x55, 0x55, 0x00, 0x01, 0x00, 0x00, 0x55, 0x55, 0x55, 0x55, 0x00, 0x01, 0x00, 0x00,
0x55, 0x55, 0x55, 0x55, 0x00, 0x01, 0x00, 0x00, 0x55, 0x55, 0x55, 0x55, 0x00, 0x01, 0x00, 0x00, 0x55, 0x55, 0x55, 0x55,
0x00, 0x01, 0x00, 0x00, 0x55, 0x55, 0x55, 0x55, 0x00, 0x01, 0x00, 0x00, 0x55, 0x55, 0x55, 0x55, 0x00, 0x01, 0x00, 0x00,
0x55, 0x55, 0x55, 0x55, 0x00, 0x01, 0x00, 0x00, 0x55, 0x55, 0x55, 0x55, 0x00, 0x01, 0x00, 0x00, 0x55, 0x55, 0x55, 0x55,
0x00, 0x01, 0x00, 0x00, 0x55, 0x55, 0x55, 0x55, 0x00, 0x01, 0x00, 0x00, 0x55, 0x55, 0x55, 0x55, 0x00, 0x01, 0x00, 0x00,
0x55, 0x55, 0x55, 0x55, 0x00, 0x01, 0x00, 0x00, 0x55, 0x55, 0x55, 0x55, 0x00, 0x01, 0x00, 0x00, 0x55, 0x55, 0x55, 0x55,
0x00, 0x01, 0x00, 0x00, 0x55, 0x55, 0x55, 0x55, 0x00, 0x01, 0x00, 0x00, 0x55, 0x55, 0x55, 0x55, 0x00, 0x01, 0x00, 0x00,
0x55, 0x55, 0x55, 0x55, 0x00, 0x01, 0x00, 0x00, 0x55, 0x55, 0x55, 0x55, 0x00, 0x01, 0x00, 0x00, 0x55, 0x55, 0x55, 0x55,
0x00, 0x01, 0x00, 0x00, 0x55, 0x55, 0x55, 0x55, 0x00, 0x01, 0x00, 0x00, 0x55, 0x55, 0x55, 0x55, 0x00, 0x01, 0x00, 0x00,
0x55, 0x55, 0x55, 0x55, 0x00, 0x01, 0x00, 0x00, 0x55, 0x55, 0x55, 0x55, 0x00, 0x01, 0x00, 0x00, 0x55, 0x55, 0x55, 0x55,
0x00, 0x01, 0x00, 0x00, 0x55, 0x55, 0x55, 0x55, 0x00, 0x01, 0x00, 0x00, 0x55, 0x55, 0x55, 0x55, 0x00, 0x01, 0x00, 0x00,
0x55, 0x55, 0x55, 0x55, 0x00, 0x01, 0x00, 0x00, 0x55, 0x55, 0x55, 0x55, 0x00, 0x01, 0x00, 0x00, 0x55, 0x55, 0x55, 0x55,
0x00, 0x01, 0x00, 0x00, 0x55, 0x55, 0x55, 0x55, 0x00, 0x01, 0x00, 0x00, 0x55, 0x55, 0x55, 0x55, 0x00, 0x01, 0x00, 0x00,
0x55, 0x55, 0x55, 0x55, 0x00, 0x01, 0x00, 0x00, 0x55, 0x55, 0x55, 0x55, 0x00, 0x01, 0x00, 0x00, 0x55, 0x55, 0x55, 0x55,
0x00, 0x01, 0x00, 0x00, 0x55, 0x55, 0x55, 0x55, 0x00, 0x01, 0x00, 0x00, 0x55, 0x55, 0x55, 0x55, 0x00, 0x01, 0x00, 0x00,
0x55, 0x55, 0x55, 0x55, 0x00, 0x01, 0x00, 0x00, 0x55, 0x55, 0x55, 0x55, 0x00, 0x01, 0x00, 0x00, 0x55, 0x55, 0x55, 0x55,
0x00, 0x01, 0x00, 0x00, 0x55, 0x55, 0x55, 0x55, 0x00, 0x01, 0x00, 0x00, 0x55, 0x55, 0x55, 0x55, 0x00, 0x01, 0x00, 0x00,
0x55, 0x55, 0x55, 0x55, 0x00, 0x01, 0x00, 0x00, 0x55, 0x55, 0x55, 0x55, 0x00, 0x01, 0x00, 0x00, 0x55, 0x55, 0x55, 0x55,
0x00, 0x01, 0x00, 0x00, 0x55, 0x55, 0x55, 0x55, 0x00, 0x01, 0x00, 0x00, 0x55, 0x55, 0x55, 0x55, 0x00, 0x01, 0x00, 0x00,
0x55, 0x55, 0x55, 0x55, 0x00, 0x01, 0x00, 0x00, 0x55, 0x55, 0x55, 0x55, 0x00, 0x01, 0x00, 0x00, 0x55, 0x55, 0x55, 0x55,
0x00, 0x01, 0x00, 0x00, 0x55, 0x55, 0x55, 0x55, 0x00, 0x01, 0x00, 0x00, 0x55, 0x55, 0x55, 0x55, 0x00, 0x01, 0x00, 0x00,
0x55, 0x55, 0x55, 0x55, 0x00, 0x01, 0x00, 0x00, 0x55, 0x55, 0x55, 0x55, 0x00, 0x01, 0x00, 0x00, 0x55, 0x55, 0x55, 0x55,
0x00, 0x01, 0x00, 0x00, 0x55, 0x55, 0x55, 0x55, 0x00, 0x01, 0x00, 0x00, 0x55, 0x55, 0x55, 0x55, 0x00, 0x01, 0x00, 0x00,
0x55, 0x55, 0x55, 0x55, 0x00, 0x01, 0x00, 0x00, 0x55, 0x55, 0x55, 0x55, 0x00, 0x01, 0x00, 0x00, 0x55, 0x55, 0x55, 0x55,
0x00, 0x01, 0x00, 0x00, 0x55, 0x55, 0x55, 0x55, 0x00, 0x01, 0x00, 0x00, 0x55, 0x55, 0x55, 0x55, 0x00, 0x01, 0x00, 0x00,
0x55, 0x55, 0x55, 0x55, 0x00, 0x01, 0x00, 0x00, 0x55, 0x55, 0x55, 0x55, 0x00, 0x01, 0x00, 0x00, 0x55, 0x55, 0x55, 0x55,
0x00, 0x01, 0x00, 0x00, 0x55, 0x55, 0x55, 0x55, 0x00, 0x01, 0x00, 0x00, 0x55, 0x55, 0x55, 0x55, 0x00, 0x01, 0x00, 0x00,
0x55, 0x55, 0x55, 0x55, 0x00, 0x01, 0x00, 0x00, 0x55, 0x55, 0x55, 0x55, 0x00, 0x01, 0x00, 0x00, 0x55, 0x55, 0x55, 0x55,
0x00, 0x01, 0x00, 0x00, 0x55, 0x55, 0x55, 0x55, 0x00, 0x01, 0x00, 0x00, 0x55, 0x55, 0x55, 0x55, 0x00, 0x01, 0x00, 0x00,
0x55, 0x55, 0x55, 0x55, 0x00, 0x01, 0x00, 0x00, 0x55, 0x55, 0x55, 0x55, 0x00, 0x01, 0x00, 0x00, 0x55, 0x55, 0x55, 0x55,
0x00, 0x01, 0x00, 0x00, 0x55, 0x55, 0x55, 0x55, 0x00, 0x01, 0x00, 0x00, 0x55, 0x55, 0x55, 0x55, 0x00, 0x01, 0x00, 0x00,
0x55, 0x55, 0x55, 0x55, 0x00, 0x01, 0x00, 0x00, 0x55, 0x55, 0x55, 0x55, 0x00, 0x01, 0x00, 0x00, 0x55, 0x55, 0x55, 0x55,
0x00, 0x01, 0x00, 0x00, 0x55, 0x55, 0x55, 0x55, 0x00, 0x01, 0x00, 0x00, 0x55, 0x55, 0x55, 0x55, 0x00, 0x01, 0x00, 0x00,
0x55, 0x55, 0x55, 0x55, 0x00, 0x01, 0x00, 0x00, 0x55, 0x55, 0x55, 0x55, 0x00, 0x01, 0x00, 0x00, 0x55, 0x55, 0x55, 0x55,
0x00, 0x01, 0x00, 0x00, 0x55, 0x55, 0x55, 0x55, 0x00, 0x01, 0x00, 0x00, 0x55, 0x55, 0x55, 0x55, 0x00, 0x01, 0x00, 0x00,
0x55, 0x55, 0x55, 0x55, 0x00, 0x01, 0x00, 0x00, 0x55, 0x55, 0x55, 0x55, 0x00, 0x01, 0x00, 0x00, 0x55, 0x55, 0x55, 0x55,
0x00, 0x01, 0x00, 0x00, 0x55, 0x55, 0x55, 0x55, 0x00, 0x01, 0x00, 0x00, 0x55, 0x55, 0x55, 0x55, 0x00, 0x01, 0x00, 0x00,
0x55, 0x55, 0x55, 0x55, 0x00, 0x01, 0x00, 0x00, 0x55, 0x55, 0x55, 0x55, 0x00, 0x01, 0x00, 0x00, 0x55, 0x55, 0x55, 0x55,
0x00, 0x01, 0x00, 0x00, 0x55, 0x55, 0x55, 0x55, 0x00, 0x01, 0x00, 0x00, 0x55, 0x55, 0x55, 0x55, 0x00, 0x01, 0x00, 0x00,
0x55, 0x55, 0x55, 0x55, 0x00, 0x01, 0x00, 0x00, 0x55, 0x55, 0x55, 0x55, 0x00, 0x01, 0x00, 0x00, 0x55, 0x55, 0x55, 0x55,
0x00, 0x01, 0x00, 0x00, 0x55, 0x55, 0x55, 0x55, 0x00, 0x01, 0x00, 0x00, 0x55, 0x55, 0x55, 0x55, 0x00, 0x01, 0x00, 0x00,
0x55, 0x55, 0x55, 0x55, 0x00, 0x01, 0x00, 0x00, 0x55, 0x55, 0x55, 0x55, 0x00, 0x01, 0x00, 0x00, 0x55, 0x55, 0x55, 0x55,
0x00, 0x01, 0x00, 0x00, 0x55, 0x55, 0x55, 0x55, 0x00, 0x01, 0x00, 0x00, 0x55, 0x55, 0x55, 0x55, 0x00, 0x01, 0x00, 0x00,
0x55, 0x55, 0x55, 0x55, 0x00, 0x01, 0x00, 0x00, 0x55, 0x55, 0x55, 0x55, 0x00, 0x01, 0x00, 0x00, 0x55, 0x55, 0x55, 0x55,
0x00, 0x01, 0x00, 0x00, 0x55, 0x55, 0x55, 0x55, 0x00, 0x01, 0x00, 0x00, 0x55, 0x55, 0x55, 0x55, 0x00, 0x01, 0x00, 0x00,
0x55, 0x55, 0x55, 0x55, 0x00, 0x01, 0x00, 0x00, 0x55, 0x55, 0x55, 0x55, 0x00, 0x01, 0x00, 0x00, 0x55, 0x55, 0x55, 0x55,
0x00, 0x01, 0x00, 0x00, 0x55, 0x55, 0x55, 0x55, 0x00, 0x01, 0x00, 0x00, 0x55, 0x55, 0x55, 0x55, 0x00, 0x01, 0x00, 0x00,
0x55, 0x55, 0x55, 0x55, 0x00, 0x01, 0x00, 0x00, 0x55, 0x55, 0x55, 0x55, 0x00, 0x01, 0x00, 0x00, 0x55, 0x55, 0x55, 0x55,
0x00, 0x01, 0x00, 0x00, 0x55, 0x55, 0x55, 0x55, 0x00, 0x01, 0x00, 0x00, 0x55, 0x55, 0x55, 0x55, 0x00, 0x01, 0x00, 0x00,
0x55, 0x55, 0x55, 0x55, 0x00, 0x01, 0x00, 0x00, 0x55, 0x55, 0x55, 0x55, 0x00, 0x01, 0x00, 0x00, 0x55, 0x55, 0x55, 0x55,
0x00, 0x01, 0x00, 0x00, 0x55, 0x55, 0x55, 0x55, 0x00, 0x01, 0x00, 0x00, 0x55, 0x55, 0x55, 0x55, 0x00, 0x01, 0x00, 0x00,
0x55, 0x55, 0x55, 0x55, 0x00, 0x01, 0x00, 0x00, 0x55, 0x55, 0x55, 0x55, 0x00, 0x01, 0x00, 0x00, 0x55, 0x55, 0x55, 0x55,
0x00, 0x01, 0x00, 0x00, 0x55, 0x55, 0x55, 0x55, 0x00, 0x01, 0x00, 0x00, 0x55, 0x55, 0x55, 0x55, 0x00, 0x01, 0x00, 0x00,
0x55, 0x55, 0x55, 0x55, 0x00, 0x01, 0x00, 0x00, 0x55, 0x55, 0x55, 0x55, 0x00, 0x01, 0x00, 0x00, 0x55, 0x55, 0x55, 0x55,
0x00, 0x01, 0x00, 0x00, 0x55, 0x55, 0x55, 0x55, 0x00, 0x01, 0x00, 0x00, 0x55, 0x55, 0x55, 0x55, 0x00, 0x01, 0x00, 0x00,
0x55, 0x55, 0x55, 0x55, 0x00, 0x01, 0x00, 0x00, 0x55, 0x55, 0x55, 0x55, 0x00, 0x01, 0x00, 0x00, 0x55, 0x55, 0x55, 0x55,
0x00, 0x01, 0x00, 0x00, 0x55, 0x55, 0x55, 0x55, 0x00, 0x01, 0x00, 0x00, 0x55, 0x55, 0x55, 0x55, 0x00, 0x01, 0x00, 0x00,
0x55, 0x55, 0x55, 0x55, 0x00, 0x01, 0x00, 0x00, 0x55, 0x55, 0x55, 0x55, 0x00, 0x01, 0x00, 0x00, 0x55, 0x55, 0x55, 0x55,
0x00, 0x01, 0x00, 0x00, 0x55, 0x55, 0x55, 0x55, 0x00, 0x01, 0x00, 0x00, 0x55, 0x55, 0x55, 0x55, 0x00, 0x01, 0x00, 0x00,
0x55, 0x55, 0x55, 0x55, 0x00, 0x01, 0x00, 0x00, 0x55, 0x55, 0x55, 0x55, 0x00, 0x01, 0x00, 0x00, 0x55, 0x55, 0x55, 0x55,
0x00, 0x01, 0x00, 0x00, 0x55, 0x55, 0x55, 0x55, 0x00, 0x01, 0x00, 0x00, 0x55, 0x55, 0x55, 0x55, 0x00, 0x01, 0x00, 0x00,
0x55, 0x55, 0x55, 0x55, 0x00, 0x01, 0x00, 0x00, 0x55, 0x55, 0x55, 0x55, 0x00, 0x01, 0x00, 0x00, 0x55, 0x55, 0x55, 0x55,
0x00, 0x01, 0x00, 0x00, 0x55, 0x55, 0x55, 0x55, 0x00, 0x01, 0x00, 0x00, 0x55, 0x55, 0x55, 0x55, 0x00, 0x01, 0x00, 0x00,
0x55, 0x55, 0x55, 0x55, 0x00, 0x01, 0x00, 0x00, 0x55, 0x55, 0x55, 0x55, 0x00, 0x01, 0x00, 0x00, 0x55, 0x55, 0x55, 0x55,
0x00, 0x01, 0x00, 0x00, 0x55, 0x55, 0x55, 0x55, 0x00, 0x01, 0x00, 0x00, 0x55, 0x55, 0x55, 0x55, 0x00, 0x01, 0x00, 0x00,
0x55, 0x55, 0x55, 0x55, 0x00, 0x01, 0x00, 0x00, 0x55, 0x55, 0x55, 0x55, 0x00, 0x01, 0x00, 0x00, 0x55, 0x55, 0x55, 0x55,
0x00, 0x01, 0x00, 0x00, 0x55, 0x55, 0x55, 0x55, 0x00, 0x01, 0x00, 0x00, 0x55, 0x55, 0x55, 0x55, 0x00, 0x01, 0x00, 0x00,
0x55, 0x55, 0x55, 0x55, 0x00, 0x01, 0x00, 0x00, 0x55, 0x55, 0x55, 0x55, 0x00, 0x01, 0x00, 0x00, 0x55, 0x55, 0x55, 0x55,
0x00, 0x01, 0x00, 0x00, 0x55, 0x55, 0x55, 0x55, 0x00, 0x01, 0x00, 0x00, 0x55, 0x55, 0x55, 0x55, 0x00, 0x01, 0x00, 0x00,
0x55, 0x55, 0x55, 0x55, 0x00, 0x01, 0x00, 0x00, 0x55, 0x55, 0x55, 0x55, 0x00, 0x01, 0x00, 0x00, 0x55, 0x55, 0x55, 0x55,
0x00, 0x01, 0x00, 0x00, 0x55, 0x55, 0x55, 0x55, 0x00, 0x01, 0x00, 0x00, 0x55, 0x55, 0x55, 0x55, 0x00, 0x01, 0x00, 0x00,
0x55, 0x55, 0x55, 0x55, 0x00, 0x01, 0x00, 0x00, 0x55, 0x55, 0x55, 0x55, 0x00, 0x01, 0x00, 0x00, 0x55, 0x55, 0x55, 0x55,
0x00, 0x01, 0x00, 0x00, 0x55, 0x55, 0x55, 0x55, 0x00, 0x01, 0x00, 0x00, 0x55, 0x55, 0x55, 0x55, 0x00, 0x01, 0x00, 0x00,
0x55, 0x55, 0x55, 0x55, 0x00, 0x01, 0x00, 0x00, 0x55, 0x55, 0x55, 0x55, 0x00, 0x01, 0x00, 0x00, 0x55, 0x55, 0x55, 0x55,
0x00, 0x01, 0x00, 0x00, 0x55, 0x55, 0x55, 0x55, 0x00, 0x01, 0x00, 0x00, 0x55, 0x55, 0x55, 0x55, 0x00, 0x01, 0x00, 0x00,
0x55, 0x55, 0x55, 0x55, 0x00, 0x01, 0x00, 0x00, 0x55, 0x55, 0x55, 0x55, 0x00, 0x01, 0x00, 0x00, 0x55, 0x55, 0x55, 0x55,
0x00, 0x01, 0x00, 0x00, 0x55, 0x55, 0x55, 0x55, 0x00, 0x01, 0x00, 0x00, 0x55, 0x55, 0x55, 0x55, 0x00, 0x01, 0x00, 0x00,
0x55, 0x55, 0x55, 0x55, 0x00, 0x01, 0x00, 0x00, 0x55, 0x55, 0x55, 0x55, 0x00, 0x01, 0x00, 0x00, 0x55, 0x55, 0x55, 0x55,
0x00, 0x01, 0x00, 0x00, 0x55, 0x55, 0x55, 0x55, 0x00, 0x01, 0x00, 0x00, 0x55, 0x55, 0x55, 0x55, 0x00, 0x01, 0x00, 0x00,
0x55, 0x55, 0x55, 0x55, 0x00, 0x01, 0x00, 0x00, 0x55, 0x55, 0x55, 0x55, 0x00, 0x01, 0x00, 0x00, 0x55, 0x55, 0x55, 0x55,
0x00, 0x01, 0x00, 0x00, 0x55, 0x55, 0x55, 0x55, 0x00, 0x01, 0x00, 0x00, 0x55, 0x55, 0x55, 0x55, 0x00, 0x01, 0x00, 0x00,
0x55, 0x55, 0x55, 0x55, 0x00, 0x01, 0x00, 0x00, 0x55, 0x55, 0x55, 0x55, 0x00, 0x01, 0x00, 0x00, 0x55, 0x55, 0x55, 0x55,
0x00, 0x01, 0x00, 0x00, 0x55, 0x55, 0x55, 0x55, 0x00, 0x01, 0x00, 0x00, 0x55, 0x55, 0x55, 0x55, 0x00, 0x01, 0x00, 0x00,
0x55, 0x55, 0x55, 0x55, 0x00, 0x01, 0x00, 0x00, 0x55, 0x55, 0x55, 0x55, 0x00, 0x01, 0x00, 0x00, 0x55, 0x55, 0x55, 0x55,
0x00, 0x01, 0x00, 0x00, 0x55, 0x55, 0x55, 0x55, 0x00, 0x01, 0x00, 0x00, 0x55, 0x55, 0x55, 0x55, 0x00, 0x01, 0x00, 0x00,
0x55, 0x55, 0x55, 0x55, 0x00, 0x01, 0x00, 0x00, 0x55, 0x55, 0x55, 0x55, 0x00, 0x01, 0x00, 0x00, 0x55, 0x55, 0x55, 0x55,
0x00, 0x01, 0x00, 0x00, 0x55, 0x55, 0x55, 0x55, 0x00, 0x01, 0x00, 0x00, 0x55, 0x55, 0x55, 0x55, 0x00, 0x01, 0x00, 0x00,
0x55, 0x55, 0x55, 0x55, 0x00, 0x01, 0x00, 0x00, 0x55, 0x55, 0x55, 0x55, 0x00, 0x01, 0x00, 0x00, 0x55, 0x55, 0x55, 0x55,
0x00, 0x01, 0x00, 0x00, 0x55, 0x55, 0x55, 0x55, 0x00, 0x01, 0x00, 0x00, 0x55, 0x55, 0x55, 0x55, 0x00, 0x01, 0x00, 0x00,
0x55, 0x55, 0x55, 0x55, 0x00, 0x01, 0x00, 0x00, 0x55, 0x55, 0x55, 0x55, 0x00, 0x01, 0x00, 0x00, 0x55, 0x55, 0x55, 0x55,
0x00, 0x01, 0x00, 0x00, 0x55, 0x55, 0x55, 0x55, 0x00, 0x01, 0x00, 0x00, 0x55, 0x55, 0x55, 0x55, 0x00, 0x01, 0x00, 0x00,
0x55, 0x55, 0x55, 0x55, 0x00, 0x01, 0x00, 0x00, 0x55, 0x55, 0x55, 0x55, 0x00, 0x01, 0x00, 0x00, 0x55, 0x55, 0x55, 0x55,
0x00, 0x01, 0x00, 0x00, 0x55, 0x55, 0x55, 0x55, 0x00, 0x01, 0x00, 0x00, 0x55, 0x55, 0x55, 0x55, 0x00, 0x01, 0x00, 0x00,
0x55, 0x55, 0x55, 0x55, 0x00, 0x01, 0x00, 0x00, 0x55, 0x55, 0x55, 0x55, 0x00, 0x01, 0x00, 0x00, 0x55, 0x55, 0x55, 0x55,
0x00, 0x01, 0x00, 0x00, 0x55, 0x55, 0x55, 0x55, 0x00, 0x01, 0x00, 0x00, 0x55, 0x55, 0x55, 0x55, 0x00, 0x01, 0x00, 0x00,
0x55, 0x55, 0x55, 0x55, 0x00, 0x01, 0x00, 0x00, 0x55, 0x55, 0x55, 0x55, 0x00, 0x01, 0x00, 0x00, 0x55, 0x55, 0x55, 0x55,
0x00, 0x01, 0x00, 0x00, 0x55, 0x55, 0x55, 0x55, 0x00, 0x01, 0x00, 0x00, 0x55, 0x55, 0x55, 0x55, 0x00, 0x01, 0x00, 0x00,
0x55, 0x55, 0x55, 0x55, 0x00, 0x01, 0x00, 0x00, 0x55, 0x55, 0x55, 0x55, 0x00, 0x01, 0x00, 0x00, 0x55, 0x55, 0x55, 0x55,
0x00, 0x01, 0x00, 0x00, 0x55, 0x55, 0x55, 0x55, 0x00, 0x01, 0x00, 0x00, 0x55, 0x55, 0x55, 0x55, 0x00, 0x01, 0x00, 0x00,
0x55, 0x55, 0x55, 0x55, 0x00, 0x01, 0x00, 0x00, 0x55, 0x55, 0x55, 0x55, 0x00, 0x01, 0x00, 0x00, 0x55, 0x55, 0x55, 0x55,
0x00, 0x01, 0x00, 0x00, 0x55, 0x55, 0x55, 0x55, 0x00, 0x01, 0x00, 0x00, 0x55, 0x55, 0x55, 0x55, 0x00, 0x01, 0x00, 0x00,
0x55, 0x55, 0x55, 0x55, 0x00, 0x01, 0x00, 0x00, 0x55, 0x55, 0x55, 0x55, 0x00, 0x01, 0x00, 0x00, 0x55, 0x55, 0x55, 0x55,
0x00, 0x01, 0x00, 0x00, 0x55, 0x55, 0x55, 0x55, 0x00, 0x01, 0x00, 0x00, 0x55, 0x55, 0x55, 0x55, 0x00, 0x01, 0x00, 0x00,
0x55, 0x55, 0x55, 0x55, 0x00, 0x01, 0x00, 0x00, 0x55, 0x55, 0x55, 0x55, 0x00, 0x01, 0x00, 0x00, 0x55, 0x55, 0x55, 0x55,
0x00, 0x01, 0x00, 0x00, 0x55, 0x55, 0x55, 0x55, 0x00, 0x01, 0x00, 0x00, 0x55, 0x55, 0x55, 0x55, 0x00, 0x01, 0x00, 0x00,
0x55, 0x55, 0x55, 0x55, 0x00, 0x01, 0x00, 0x00, 0x55, 0x55, 0x55, 0x55, 0x00, 0x01, 0x00, 0x00, 0x55, 0x55, 0x55, 0x55,
0x00, 0x01, 0x00, 0x00, 0x55, 0x55, 0x55, 0x55, 0x00, 0x01, 0x00, 0x00, 0x55, 0x55, 0x55, 0x55, 0x00, 0x01, 0x00, 0x00,
0x55, 0x55, 0x55, 0x55, 0x00, 0x01, 0x00, 0x00, 0x55, 0x55, 0x55, 0x55, 0x00, 0x01, 0x00, 0x00, 0x55, 0x55, 0x55, 0x55,
0x00, 0x01, 0x00, 0x00, 0x55, 0x55, 0x55, 0x55, 0x00, 0x01, 0x00, 0x00, 0x55, 0x55, 0x55, 0x55, 0x00, 0x01, 0x00, 0x00,
0x55, 0x55, 0x55, 0x55, 0x00, 0x01, 0x00, 0x00, 0x55, 0x55, 0x55, 0x55, 0x00, 0x01, 0x00, 0x00, 0x55, 0x55, 0x55, 0x55,
0x00, 0x01, 0x00, 0x00, 0x55, 0x55, 0x55, 0x55, 0x00, 0x01, 0x00, 0x00, 0x55, 0x55, 0x55, 0x55, 0x00, 0x01, 0x00, 0x00,
0x55, 0x55, 0x55, 0x55, 0x00, 0x01, 0x00, 0x00, 0x55, 0x55, 0x55, 0x55, 0x00, 0x01, 0x00, 0x00, 0x55, 0x55, 0x55, 0x55,
0x00, 0x01, 0x00, 0x00, 0x55, 0x55, 0x55, 0x55, 0x00, 0x01, 0x00, 0x00, 0x55, 0x55, 0x55, 0x55, 0x00, 0x01, 0x00, 0x00,
0x55, 0x55, 0x55, 0x55, 0x00, 0x01, 0x00, 0x00, 0x55, 0x55, 0x55, 0x55, 0x00, 0x01, 0x00, 0x00, 0x55, 0x55, 0x55, 0x55,
0x00, 0x01, 0x00, 0x00, 0x55, 0x55, 0x55, 0x55, 0x00, 0x01, 0x00, 0x00, 0x55, 0x55, 0x55, 0x55, 0x00, 0x01, 0x00, 0x00,
0x55, 0x55, 0x55, 0x55, 0x00, 0x01, 0x00, 0x00, 0x55, 0x55, 0x55, 0x55, 0x00, 0x01, 0x00, 0x00, 0x55, 0x55, 0x55, 0x55,
0x00, 0x01, 0x00, 0x00, 0x55, 0x55, 0x55, 0x55, 0x00, 0x01, 0x00, 0x00, 0x55, 0x55, 0x55, 0x55, 0x00, 0x01, 0x00, 0x00,
0x55, 0x55, 0x55, 0x55, 0x00, 0x01, 0x00, 0x00, 0x55, 0x55, 0x55, 0x55, 0x00, 0x01, 0x00, 0x00, 0x55, 0x55, 0x55, 0x55,
0x00, 0x01, 0x00, 0x00, 0x55, 0x55, 0x55, 0x55, 0x00, 0x01, 0x00, 0x00, 0x55, 0x55, 0x55, 0x55, 0x00, 0x01, 0x00, 0x00,
0x55, 0x55, 0x55, 0x55, 0x00, 0x01, 0x00, 0x00, 0x55, 0x55, 0x55, 0x55, 0x00, 0x01, 0x00, 0x00, 0x55, 0x55, 0x55, 0x55,
0x00, 0x01, 0x00, 0x00, 0x55, 0x55, 0x55, 0x55, 0x00, 0x01, 0x00, 0x00, 0x55, 0x55, 0x55, 0x55, 0x00, 0x01, 0x00, 0x00,
0x55, 0x55, 0x55, 0x55, 0x00, 0x01, 0x00, 0x00, 0x55, 0x55, 0x55, 0x55, 0x00, 0x01, 0x00, 0x00, 0x55, 0x55, 0x55, 0x55,
0x00, 0x01, 0x00, 0x00, 0x55, 0x55, 0x55, 0x55, 0x00, 0x01, 0x00, 0x00, 0x55, 0x55, 0x55, 0x55, 0x00, 0x01, 0x00, 0x00,
0x55, 0x55, 0x55, 0x55, 0x00, 0x01, 0x00, 0x00, 0x55, 0x55, 0x55, 0x55, 0x00, 0x01, 0x00, 0x00, 0x55, 0x55, 0x55, 0x55,
0x00, 0x01, 0x00, 0x00, 0x55, 0x55, 0x55, 0x55, 0x00, 0x01, 0x00, 0x00, 0x55, 0x55, 0x55, 0x55, 0x00, 0x01, 0x00, 0x00,
0x55, 0x55, 0x55, 0x55, 0x00, 0x01, 0x00, 0x00, 0x55, 0x55, 0x55, 0x55, 0x00, 0x01, 0x00, 0x00, 0x55, 0x55, 0x55, 0x55,
0x00, 0x01, 0x00, 0x00, 0x55, 0x55, 0x55, 0x55, 0x00, 0x01, 0x00, 0x00, 0x55, 0x55, 0x55, 0x55, 0x00, 0x01, 0x00, 0x00,
0x55, 0x55, 0x55, 0x55, 0x00, 0x01, 0x00, 0x00, 0x55, 0x55, 0x55, 0x55, 0x00, 0x01, 0x00, 0x00, 0x55, 0x55, 0x55, 0x55,
0x00, 0x01, 0x00, 0x00, 0x55, 0x55, 0x55, 0x55, 0x00, 0x01, 0x00, 0x00, 0x55, 0x55, 0x55, 0x55, 0x00, 0x01, 0x00, 0x00,
0x55, 0x55, 0x55, 0x55, 0x00, 0x01, 0x00, 0x00, 0x55, 0x55, 0x55, 0x55, 0x00, 0x01, 0x00, 0x00, 0x55, 0x55, 0x55, 0x55,
0x00, 0x01, 0x00, 0x00, 0x55, 0x55, 0x55, 0x55, 0x00, 0x01, 0x00, 0x00, 0x55, 0x55, 0x55, 0x55, 0x00, 0x01, 0x00, 0x00,
0x55, 0x55, 0x55, 0x55, 0x00, 0x01, 0x00, 0x00, 0x55, 0x55, 0x55, 0x55, 0x00, 0x01, 0x00, 0x00, 0x55, 0x55, 0x55, 0x55,
0x00, 0x01, 0x00, 0x00, 0x55, 0x55, 0x55, 0x55, 0x00, 0x01, 0x00, 0x00, 0x55, 0x55, 0x55, 0x55, 0x00, 0x01, 0x00, 0x00,
0x55, 0x55, 0x55, 0x55, 0x00, 0x01, 0x00, 0x00, 0x55, 0x55, 0x55, 0x55, 0x00, 0x01, 0x00, 0x00, 0x55, 0x55, 0x55, 0x55,
0x00, 0x01, 0x00, 0x00, 0x55, 0x55, 0x55, 0x55, 0x00, 0x01, 0x00, 0x00, 0x55, 0x55, 0x55, 0x55, 0x00, 0x01, 0x00, 0x00,
0x55, 0x55, 0x55, 0x55, 0x00, 0x01, 0x00, 0x00, 0x55, 0x55, 0x55, 0x55, 0x00, 0x01, 0x00, 0x00, 0x55, 0x55, 0x55, 0x55,
0x00, 0x01, 0x00, 0x00, 0x55, 0x55, 0x55, 0x55, 0x00, 0x01, 0x00, 0x00, 0x55, 0x55, 0x55, 0x55, 0x00, 0x01, 0x00, 0x00,
0x55, 0x55, 0x55, 0x55, 0x00, 0x01, 0x00, 0x00, 0x55, 0x55, 0x55, 0x55, 0x00, 0x01, 0x00, 0x00, 0x55, 0x55, 0x55, 0x55,
0x00, 0x01, 0x00, 0x00, 0x55, 0x55, 0x55, 0x55, 0x00, 0x01, 0x00, 0x00, 0x55, 0x55, 0x55, 0x55, 0x00, 0x01, 0x00, 0x00,
0x55, 0x55, 0x55, 0x55, 0x00, 0x01, 0x00, 0x00, 0x55, 0x55, 0x55, 0x55, 0x00, 0x01, 0x00, 0x00, 0x55, 0x55, 0x55, 0x55,
0x00, 0x01, 0x00, 0x00, 0x55, 0x55, 0x55, 0x55, 0x00, 0x01, 0x00, 0x00, 0x55, 0x55, 0x55, 0x55, 0x00, 0x01, 0x00, 0x00,
0x55, 0x55, 0x55, 0x55, 0x00, 0x01, 0x00, 0x00, 0x55, 0x55, 0x55, 0x55, 0x00, 0x01, 0x00, 0x00, 0x55, 0x55, 0x55, 0x55,
0x00, 0x01, 0x00, 0x00, 0x55, 0x55, 0x55, 0x55, 0x00, 0x01, 0x00, 0x00, 0x55, 0x55, 0x55, 0x55, 0x00, 0x01, 0x00, 0x00,
0x55, 0x55, 0x55, 0x55, 0x00, 0x01, 0x00, 0x00, 0x55, 0x55, 0x55, 0x55, 0x00, 0x01, 0x00, 0x00, 0x55, 0x55, 0x55, 0x55,
0x00, 0x01, 0x00, 0x00, 0x55, 0x55, 0x55, 0x55, 0x00, 0x01, 0x00, 0x00, 0x55, 0x55, 0x55, 0x55, 0x00, 0x01, 0x00, 0x00,
0x55, 0x55, 0x55, 0x55, 0x00, 0x01, 0x00, 0x00, 0x55, 0x55, 0x55, 0x55, 0x00, 0x01, 0x00, 0x00, 0x55, 0x55, 0x55, 0x55,
0x00, 0x01, 0x00, 0x00, 0x55, 0x55, 0x55, 0x55, 0x00, 0x01, 0x00, 0x00, 0x55, 0x55, 0x55, 0x55, 0x00, 0x01, 0x00, 0x00,
0x55, 0x55, 0x55, 0x55, 0x00, 0x01, 0x00, 0x00, 0x55, 0x55, 0x55, 0x55, 0x00, 0x01, 0x00, 0x00, 0x55, 0x55, 0x55, 0x55,
0x00, 0x01, 0x00, 0x00, 0x55, 0x55, 0x55, 0x55, 0x00, 0x01, 0x00, 0x00, 0x55, 0x55, 0x55, 0x55, 0x00, 0x01, 0x00, 0x00,
0x55, 0x55, 0x55, 0x55, 0x00, 0x01, 0x00, 0x00, 0x55, 0x55, 0x55, 0x55, 0x00, 0x01, 0x00, 0x00, 0x55, 0x55, 0x55, 0x55,
0x00, 0x01, 0x00, 0x00, 0x55, 0x55, 0x55, 0x55, 0x00, 0x01, 0x00, 0x00, 0x55, 0x55, 0x55, 0x55, 0x00, 0x01, 0x00, 0x00,
0x55, 0x55, 0x55, 0x55, 0x00, 0x01, 0x00, 0x00, 0x55, 0x55, 0x55, 0x55, 0x00, 0x01, 0x00, 0x00, 0x55, 0x55, 0x55, 0x55,
0x00, 0x01, 0x00, 0x00, 0x55, 0x55, 0x55, 0x55, 0x00, 0x01, 0x00, 0x00, 0x55, 0x55, 0x55, 0x55, 0x00, 0x01, 0x00, 0x00,
0x55, 0x55, 0x55, 0x55, 0x00, 0x01, 0x00, 0x00, 0x55, 0x55, 0x55, 0x55, 0x00, 0x01, 0x00, 0x00, 0x55, 0x55, 0x55, 0x55,
0x00, 0x01, 0x00, 0x00, 0x55, 0x55, 0x55, 0x55, 0x00, 0x01, 0x00, 0x00, 0x55, 0x55, 0x55, 0x55, 0x00, 0x01, 0x00, 0x00,
0x55, 0x55, 0x55, 0x55, 0x00, 0x01, 0x00, 0x00, 0x55, 0x55, 0x55, 0x55, 0x00, 0x01, 0x00, 0x00, 0x55, 0x55, 0x55, 0x55,
0x00, 0x01, 0x00, 0x00, 0x55, 0x55, 0x55, 0x55, 0x00, 0x01, 0x00, 0x00, 0x55, 0x55, 0x55, 0x55, 0x00, 0x01, 0x00, 0x00,
0x55, 0x55, 0x55, 0x55, 0x00, 0x00, 0xff, 0xff, 0x00, 0x15, 0x15, 0x15, 0x00, 0x00, 0xff, 0xff, 0x00, 0x69, 0x69, 0x69,
0x00, 0x00, 0xff, 0xff, 0x15, 0x15, 0x15, 0x15, 0x00, 0x00, 0xff, 0xff, 0x69, 0x69, 0x69, 0x69, 0x00, 0x00, 0xff, 0xff,
0x00, 0xa6, 0xa6, 0xa6, 0x00, 0x00, 0xff, 0xff, 0x00, 0x9a, 0x9a, 0x9a, 0x00, 0x00, 0xff, 0xff, 0xa6, 0xa6, 0xa6, 0xa6,
0x00, 0x00, 0xff, 0xff, 0x9a, 0x9a, 0x9a, 0x9a, 0x00, 0x00, 0xff, 0xff, 0x00, 0x69, 0x69, 0x69, 0x00, 0x00, 0xff, 0xff,
0x00, 0x51, 0x51, 0x51, 0x00, 0x00, 0xff, 0xff, 0x69, 0x69, 0x69, 0x69, 0x00, 0x00, 0xff, 0xff, 0x51, 0x51, 0x51, 0x51,
0x00, 0x00, 0xff, 0xff, 0x00, 0x5a, 0x5a, 0x5a, 0x00, 0x00, 0xff, 0xff, 0x00, 0x5a, 0x5a, 0x5a, 0xff, 0xff, 0x42, 0x08,
0x0f, 0x0f, 0x0f, 0x0d, 0xff, 0xff, 0x42, 0x08, 0x0f, 0x0f, 0x0f, 0xf5, 0x00, 0x00, 0xff, 0xff, 0x00, 0x5a, 0x5a, 0x5a,
0x00, 0x00, 0xff, 0xff, 0x00, 0x55, 0x55, 0x55, 0xff, 0xff, 0x42, 0x08, 0x0f, 0x0f, 0x0f, 0xf5, 0x00, 0x00, 0xff, 0xff,
0x55, 0x55, 0x55, 0xaa, 0x00, 0x00, 0xff, 0xff, 0x00, 0x15, 0x15, 0x15, 0x00, 0x00, 0xff, 0xff, 0x00, 0xa5, 0xa5, 0xa5,
0x00, 0x00, 0xff, 0xff, 0x15, 0x15, 0x15, 0x2a, 0x08, 0x61, 0xff, 0xdf, 0xa5, 0xa5, 0xa5, 0x00, 0x00, 0x00, 0xff, 0xff,
0x00, 0x56, 0x56, 0x56, 0x00, 0x00, 0xff, 0xff, 0x00, 0x95, 0x95, 0x95, 0x00, 0x00, 0xff, 0xff, 0x56, 0x56, 0x56, 0x00,
0x00, 0x00, 0xff, 0xff, 0x95, 0x95, 0x00, 0x00, 0x00, 0x00, 0xff, 0xff, 0x00, 0x15, 0x15, 0x15, 0x00, 0x00, 0xff, 0xff,
0x00, 0x69, 0x69, 0x69, 0x00, 0x00, 0xff, 0xff, 0x15, 0x15, 0x00, 0x00, 0x00, 0x00, 0xff, 0xff, 0x69, 0x69, 0x00, 0x00,
0x00, 0x00, 0xff, 0xff, 0x00, 0x5a, 0x5a, 0x5a, 0x00, 0x00, 0xff, 0xff, 0x00, 0x55, 0x55, 0x55, 0x00, 0x00, 0xff, 0xff,
0x5a, 0x5a, 0x00, 0x00, 0x00, 0x00, 0xff, 0xff, 0x55, 0x55, 0x00, 0x00, 0x00, 0x00, 0xff, 0xff, 0x00, 0x15, 0x15, 0x15,
0x00, 0x00, 0xff, 0xff, 0x00, 0xa5, 0xa5, 0xa5, 0x00, 0x00, 0xff, 0xff, 0x15, 0x15, 0x00, 0x00, 0x00, 0x00, 0xff, 0xff,
0xa5, 0xa5, 0x00, 0x00, 0x00, 0x00, 0xff, 0xff, 0x00, 0x5a, 0x5a, 0x5a, 0x00, 0x00, 0xff, 0xff, 0x00, 0x56, 0x56, 0x56,
0x00, 0x00, 0xff, 0xff, 0x5a, 0x5a, 0x00, 0x00, 0x00, 0x00, 0xff, 0xff, 0x56, 0x56, 0x00, 0x00, 0x00, 0x00, 0xff, 0xff,
0x00, 0x95, 0x95, 0x95, 0x00, 0x00, 0xff, 0xff, 0x00, 0xa5, 0xa5, 0xa5, 0x00, 0x00, 0xff, 0xff, 0x95, 0x95, 0x00, 0x00,
0x00, 0x00, 0xff, 0xff, 0xa5, 0xa5, 0x00, 0x00, 0x00, 0x00, 0xff, 0xff, 0x00, 0x51, 0x51, 0x51, 0x00, 0x00, 0xff, 0xff,
0x00, 0x54, 0x54, 0x54, 0x00, 0x00, 0xff, 0xff, 0x51, 0x51, 0x00, 0x00, 0x00, 0x00, 0xff, 0xff, 0x54, 0x54, 0x00, 0x00,
0x00, 0x00, 0xff, 0xff, 0x00, 0x55, 0x55, 0x55, 0x00, 0x00, 0xff, 0xff, 0x00, 0x45, 0x45, 0x45, 0x00, 0x00, 0xff, 0xff,
0x55, 0x55, 0x00, 0x00, 0x00, 0x00, 0xff, 0xff, 0x45, 0x45, 0x00, 0x00, 0x00, 0x00, 0xff, 0xff, 0x00, 0x55, 0x55, 0x55,
0x00, 0x00, 0xff, 0xff, 0x00, 0xa5, 0xa5, 0xa5, 0x00, 0x00, 0xff, 0xff, 0x55, 0x55, 0x00, 0x00, 0x00, 0x00, 0xff, 0xff,
0xa5, 0xa5, 0x00, 0x00, 0x00, 0x00, 0xff, 0xff, 0x00, 0x69, 0x69, 0x69, 0x00, 0x00, 0xff, 0xff, 0x00, 0x58, 0x58, 0x58,
0x00, 0x00, 0xff, 0xff, 0x69, 0x69, 0x00, 0x00, 0x00, 0x00, 0xff, 0xff, 0x58, 0x58, 0x00, 0x00, 0x00, 0x00, 0xff, 0xff,
0x00, 0x15, 0x15, 0x15, 0x00, 0x00, 0xff, 0xff, 0x00, 0x69, 0x69, 0x69, 0x00, 0x00, 0xff, 0xff, 0x15, 0x15, 0x00, 0x15,
0x00, 0x00, 0xff, 0xff, 0x69, 0x69, 0x00, 0x68, 0x00, 0x00, 0xff, 0xff, 0x00, 0x45, 0x45, 0x45, 0x00, 0x00, 0xff, 0xff,
0x00, 0x69, 0x69, 0x69, 0x00, 0x00, 0xff, 0xff, 0x45, 0x45, 0x00, 0x55, 0x00, 0x00, 0xff, 0xff, 0x69, 0x69, 0x00, 0x15,
0x00, 0x00, 0xff, 0xff, 0x00, 0x51, 0x51, 0x51, 0x00, 0x00, 0xff, 0xff, 0x00, 0x54, 0x54, 0x54, 0x00, 0x00, 0xff, 0xff,
0x51, 0x51, 0x00, 0x45, 0x00, 0x00, 0xff, 0xff, 0x54, 0x54, 0x00, 0x5a, 0x00, 0x00, 0xff, 0xff, 0x00, 0x56, 0x56, 0x56,
0x00, 0x00, 0xff, 0xff, 0x00, 0x95, 0x95, 0x95, 0x00, 0x00, 0xff, 0xff, 0x56, 0x56, 0x00, 0x56, 0x00, 0x00, 0xff, 0xff,
0x95, 0x95, 0x00, 0xa9, 0x00, 0x00, 0xff, 0xff, 0x00, 0x15, 0x15, 0x15, 0x00, 0x00, 0xff, 0xff, 0x00, 0xa5, 0xa5, 0xa5,
0x00, 0x00, 0xff, 0xff, 0x15, 0x15, 0x00, 0xa1, 0x00, 0x00, 0xff, 0xff, 0xa5, 0xa5, 0x00, 0x56, 0x00, 0x00, 0xff, 0xff,
0x00, 0x45, 0x45, 0x45, 0x00, 0x00, 0xff, 0xff, 0x00, 0x69, 0x69, 0x69, 0x00, 0x00, 0xff, 0xff, 0x45, 0x45, 0x00, 0x8a,
0x10, 0x82, 0xf7, 0xde, 0x69, 0x69, 0x00, 0x0a, 0x00, 0x00, 0xff, 0xff, 0x00, 0x52, 0x52, 0x52, 0x00, 0x00, 0xff, 0xff,
0x00, 0x95, 0x95, 0x95, 0x00, 0x00, 0xff, 0xff, 0x52, 0x52, 0x00, 0xa0, 0x00, 0x00, 0xff, 0xff, 0x95, 0x95, 0x00, 0x00,
0x00, 0x00, 0xff, 0xff, 0x00, 0xa5, 0xa5, 0xa5, 0x00, 0x00, 0xff, 0xff, 0x00, 0x51, 0x51, 0x51, 0x00, 0x00, 0xff, 0xff,
0xa5, 0xa5, 0x00, 0x00, 0x00, 0x00, 0xff, 0xff, 0x51, 0x51, 0x00, 0x00, 0x00, 0x00, 0xff, 0xff, 0x00, 0x54, 0x54, 0x54,
0x00, 0x00, 0xff, 0xff, 0x00, 0x55, 0x55, 0x55, 0x00, 0x00, 0xff, 0xff, 0x54, 0x54, 0x00, 0x00, 0x00, 0x00, 0xff, 0xff,
0x55, 0x55, 0x00, 0x00, 0x00, 0x00, 0xff, 0xff, 0x00, 0x5a, 0x5a, 0x5a, 0x00, 0x00, 0xff, 0xff, 0x00, 0x55, 0x55, 0x55,
0x00, 0x00, 0xff, 0xff, 0x5a, 0x5a, 0x00, 0x00, 0x00, 0x00, 0xff, 0xff, 0x55, 0x55, 0x00, 0x00, 0x00, 0x00, 0xff, 0xff,
0x00, 0x15, 0x15, 0x15, 0x00, 0x00, 0xff, 0xff, 0x00, 0x69, 0x69, 0x69, 0x00, 0x00, 0xff, 0xff, 0x15, 0x15, 0x00, 0x00,
0x00, 0x00, 0xff, 0xff, 0x69, 0x69, 0x00, 0x00, 0x00, 0x00, 0xff, 0xff, 0x00, 0x51, 0x51, 0x51, 0x00, 0x00, 0xff, 0xff,
0x00, 0x5a, 0x5a, 0x5a, 0x00, 0x00, 0xff, 0xff, 0x51, 0x51, 0x00, 0x00, 0x00, 0x00, 0xff, 0xff, 0x5a, 0x5a, 0x00, 0x00,
0x00, 0x00, 0xff, 0xff, 0x00, 0x55, 0x55, 0x55, 0x00, 0x00, 0xff, 0xff, 0x00, 0x15, 0x15, 0x15, 0x00, 0x00, 0xff, 0xff,
0x55, 0x55, 0x00, 0x00, 0x00, 0x00, 0xff, 0xff, 0x15, 0x15, 0x00, 0x00, 0x00, 0x00, 0xff, 0xff, 0x00, 0x46, 0x46, 0x46,
0x00, 0x00, 0xff, 0xff, 0x00, 0xa9, 0xa9, 0xa9, 0x00, 0x00, 0xff, 0xff, 0x46, 0x46, 0x00, 0x00, 0x00, 0x00, 0xff, 0xff,
0xa9, 0xa9, 0x00, 0x00, 0x00, 0x00, 0xff, 0xff, 0x00, 0x69, 0x69, 0x69, 0x00, 0x00, 0xff, 0xff, 0x00, 0x45, 0x45, 0x45,
0x00, 0x00, 0xff, 0xff, 0x69, 0x69, 0x00, 0x00, 0x00, 0x00, 0xff, 0xff, 0x45, 0x45, 0x00, 0x00, 0x00, 0x00, 0xff, 0xff,
0x00, 0x51, 0x51, 0x51, 0x00, 0x00, 0xff, 0xff, 0x00, 0x58, 0x58, 0x58, 0x00, 0x00, 0xff, 0xff, 0x52, 0x50, 0x00, 0x00,
0xbd, 0xf7, 0x00, 0x00, 0xad, 0x55, 0x55, 0x55, 0x00, 0x00, 0xff, 0xff, 0x15, 0x15, 0x15, 0x2a, 0x08, 0x41, 0xff, 0xdf,
0x68, 0x68, 0x68, 0x80, 0x00, 0x01, 0x00, 0x00, 0x55, 0x55, 0x55, 0x55, 0x00, 0x01, 0x00, 0x00, 0x55, 0x55, 0x55, 0x55,
0x00, 0x00, 0xff, 0xff, 0x55, 0x55, 0x55, 0x00, 0x00, 0x00, 0xff, 0xff, 0x15, 0x15, 0x15, 0x00, 0x00, 0x01, 0x00, 0x00,
0x55, 0x55, 0x55, 0x55, 0x00, 0x01, 0x00, 0x00, 0x55, 0x55, 0x55, 0x55, 0x00, 0x00, 0xff, 0xff, 0x45, 0x4a, 0x40, 0x00,
0x08, 0x21, 0xff, 0xff, 0x5a, 0xa0, 0x00, 0x00, 0x00, 0x01, 0x00, 0x00, 0x55, 0x55, 0x55, 0x55, 0x00, 0x01, 0x00, 0x00,
0x55, 0x55, 0x55, 0x55, 0x00, 0x00, 0xff, 0xff, 0x56, 0x00, 0x00, 0x00, 0x00, 0x00, 0xff, 0xff, 0xa9, 0x00, 0x00, 0x00,
0x00, 0x01, 0x00, 0x00, 0x55, 0x55, 0x55, 0x55, 0x00, 0x01, 0x00, 0x00, 0x55, 0x55, 0x55, 0x55, 0x00, 0x00, 0xff, 0xff,
0xa1, 0x00, 0x00, 0x00, 0x00, 0x00, 0xff, 0xff, 0x56, 0x00, 0x00, 0x00, 0x00, 0x01, 0x00, 0x00, 0x55, 0x55, 0x55, 0x55,
0x00, 0x01, 0x00, 0x00, 0x55, 0x55, 0x55, 0x55, 0x00, 0x01, 0x00, 0x00, 0x55, 0x55, 0x55, 0x55, 0x00, 0x01, 0x00, 0x00,
0x55, 0x55, 0x55, 0x55, 0x00, 0x01, 0x00, 0x00, 0x55, 0x55, 0x55, 0x55, 0x00, 0x01, 0x00, 0x00, 0x55, 0x55, 0x55, 0x55,
0x00, 0x01, 0x00, 0x00, 0x55, 0x55, 0x55, 0x55, 0x00, 0x01, 0x00, 0x00, 0x55, 0x55, 0x55, 0x55, 0x00, 0x01, 0x00, 0x00,
0x55, 0x55, 0x55, 0x55, 0x00, 0x01, 0x00, 0x00, 0x55, 0x55, 0x55, 0x55, 0x00, 0x01, 0x00, 0x00, 0x55, 0x55, 0x55, 0x55,
0x00, 0x01, 0x00, 0x00, 0x55, 0x55, 0x55, 0x55, 0x00, 0x01, 0x00, 0x00, 0x55, 0x55, 0x55, 0x55, 0x00, 0x01, 0x00, 0x00,
0x55, 0x55, 0x55, 0x55, 0x00, 0x01, 0x00, 0x00, 0x55, 0x55, 0x55, 0x55, 0x00, 0x01, 0x00, 0x00, 0x55, 0x55, 0x55, 0x55,
0x00, 0x01, 0x00, 0x00, 0x55, 0x55, 0x55, 0x55, 0x00, 0x01, 0x00, 0x00, 0x55, 0x55, 0x55, 0x55, 0x00, 0x01, 0x00, 0x00,
0x55, 0x55, 0x55, 0x55, 0x00, 0x01, 0x00, 0x00, 0x55, 0x55, 0x55, 0x55, 0x00, 0x01, 0x00, 0x00, 0x55, 0x55, 0x55, 0x55,
0x00, 0x01, 0x00, 0x00, 0x55, 0x55, 0x55, 0x55, 0x00, 0x01, 0x00, 0x00, 0x55, 0x55, 0x55, 0x55, 0x00, 0x01, 0x00, 0x00,
0x55, 0x55, 0x55, 0x55, 0x00, 0x01, 0x00, 0x00, 0x55, 0x55, 0x55, 0x55, 0x00, 0x01, 0x00, 0x00, 0x55, 0x55, 0x55, 0x55,
0x00, 0x01, 0x00, 0x00, 0x55, 0x55, 0x55, 0x55, 0x00, 0x01, 0x00, 0x00, 0x55, 0x55, 0x55, 0x55, 0x00, 0x01, 0x00, 0x00,
0x55, 0x55, 0x55, 0x55, 0x00, 0x01, 0x00, 0x00, 0x55, 0x55, 0x55, 0x55, 0x00, 0x01, 0x00, 0x00, 0x55, 0x55, 0x55, 0x55,
0x00, 0x01, 0x00, 0x00, 0x55, 0x55, 0x55, 0x55, 0x00, 0x01, 0x00, 0x00, 0x55, 0x55, 0x55, 0x55, 0x00, 0x01, 0x00, 0x00,
0x55, 0x55, 0x55, 0x55, 0x00, 0x01, 0x00, 0x00, 0x55, 0x55, 0x55, 0x55, 0x00, 0x01, 0x00, 0x00, 0x55, 0x55, 0x55, 0x55,
0x00, 0x01, 0x00, 0x00, 0x55, 0x55, 0x55, 0x55, 0x00, 0x01, 0x00, 0x00, 0x55, 0x55, 0x55, 0x55, 0x00, 0x01, 0x00, 0x00,
0x55, 0x55, 0x55, 0x55, 0x00, 0x01, 0x00, 0x00, 0x55, 0x55, 0x55, 0x55, 0x00, 0x01, 0x00, 0x00, 0x55, 0x55, 0x55, 0x55,
0x00, 0x01, 0x00, 0x00, 0x55, 0x55, 0x55, 0x55, 0x00, 0x01, 0x00, 0x00, 0x55, 0x55, 0x55, 0x55, 0x00, 0x01, 0x00, 0x00,
0x55, 0x55, 0x55, 0x55, 0x00, 0x01, 0x00, 0x00, 0x55, 0x55, 0x55, 0x55, 0x00, 0x01, 0x00, 0x00, 0x55, 0x55, 0x55, 0x55,
0x00, 0x01, 0x00, 0x00, 0x55, 0x55, 0x55, 0x55, 0x00, 0x01, 0x00, 0x00, 0x55, 0x55, 0x55, 0x55, 0x00, 0x01, 0x00, 0x00,
0x55, 0x55, 0x55, 0x55, 0x00, 0x01, 0x00, 0x00, 0x55, 0x55, 0x55, 0x55, 0x00, 0x01, 0x00, 0x00, 0x55, 0x55, 0x55, 0x55,
0x00, 0x01, 0x00, 0x00, 0x55, 0x55, 0x55, 0x55, 0x00, 0x01, 0x00, 0x00, 0x55, 0x55, 0x55, 0x55, 0x00, 0x01, 0x00, 0x00,
0x55, 0x55, 0x55, 0x55, 0x00, 0x01, 0x00, 0x00, 0x55, 0x55, 0x55, 0x55, 0x00, 0x01, 0x00, 0x00, 0x55, 0x55, 0x55, 0x55,
0x00, 0x01, 0x00, 0x00, 0x55, 0x55, 0x55, 0x55, 0x00, 0x01, 0x00, 0x00, 0x55, 0x55, 0x55, 0x55, 0x00, 0x01, 0x00, 0x00,
0x55, 0x55, 0x55, 0x55, 0x00, 0x01, 0x00, 0x00, 0x55, 0x55, 0x55, 0x55, 0x00, 0x01, 0x00, 0x00, 0x55, 0x55, 0x55, 0x55,
0x00, 0x01, 0x00, 0x00, 0x55, 0x55, 0x55, 0x55, 0x00, 0x01, 0x00, 0x00, 0x55, 0x55, 0x55, 0x55, 0x00, 0x01, 0x00, 0x00,
0x55, 0x55, 0x55, 0x55, 0x00, 0x01, 0x00, 0x00, 0x55, 0x55, 0x55, 0x55, 0x00, 0x01, 0x00, 0x00, 0x55, 0x55, 0x55, 0x55,
0x00, 0x01, 0x00, 0x00, 0x55, 0x55, 0x55, 0x55, 0x00, 0x01, 0x00, 0x00, 0x55, 0x55, 0x55, 0x55, 0x00, 0x01, 0x00, 0x00,
0x55, 0x55, 0x55, 0x55, 0x00, 0x01, 0x00, 0x00, 0x55, 0x55, 0x55, 0x55, 0x00, 0x01, 0x00, 0x00, 0x55, 0x55, 0x55, 0x55,
0x00, 0x01, 0x00, 0x00, 0x55, 0x55, 0x55, 0x55, 0x00, 0x01, 0x00, 0x00, 0x55, 0x55, 0x55, 0x55, 0x00, 0x01, 0x00, 0x00,
0x55, 0x55, 0x55, 0x55, 0x00, 0x01, 0x00, 0x00, 0x55, 0x55, 0x55, 0x55, 0x00, 0x01, 0x00, 0x00, 0x55, 0x55, 0x55, 0x55,
0x00, 0x01, 0x00, 0x00, 0x55, 0x55, 0x55, 0x55, 0x00, 0x01, 0x00, 0x00, 0x55, 0x55, 0x55, 0x55, 0x00, 0x01, 0x00, 0x00,
0x55, 0x55, 0x55, 0x55, 0x00, 0x01, 0x00, 0x00, 0x55, 0x55, 0x55, 0x55, 0x00, 0x01, 0x00, 0x00, 0x55, 0x55, 0x55, 0x55,
0x00, 0x01, 0x00, 0x00, 0x55, 0x55, 0x55, 0x55, 0x00, 0x01, 0x00, 0x00, 0x55, 0x55, 0x55, 0x55, 0x00, 0x01, 0x00, 0x00,
0x55, 0x55, 0x55, 0x55, 0x00, 0x01, 0x00, 0x00, 0x55, 0x55, 0x55, 0x55, 0x00, 0x01, 0x00, 0x00, 0x55, 0x55, 0x55, 0x55,
0x00, 0x01, 0x00, 0x00, 0x55, 0x55, 0x55, 0x55, 0x00, 0x01, 0x00, 0x00, 0x55, 0x55, 0x55, 0x55, 0x00, 0x01, 0x00, 0x00,
0x55, 0x55, 0x55, 0x55, 0x00, 0x01, 0x00, 0x00, 0x55, 0x55, 0x55, 0x55, 0x00, 0x01, 0x00, 0x00, 0x55, 0x55, 0x55, 0x55,
0x00, 0x01, 0x00, 0x00, 0x55, 0x55, 0x55, 0x55, 0x00, 0x01, 0x00, 0x00, 0x55, 0x55, 0x55, 0x55, 0x00, 0x01, 0x00, 0x00,
0x55, 0x55, 0x55, 0x55, 0x00, 0x01, 0x00, 0x00, 0x55, 0x55, 0x55, 0x55, 0x00, 0x01, 0x00, 0x00, 0x55, 0x55, 0x55, 0x55,
0x00, 0x01, 0x00, 0x00, 0x55, 0x55, 0x55, 0x55, 0x00, 0x01, 0x00, 0x00, 0x55, 0x55, 0x55, 0x55, 0x00, 0x01, 0x00, 0x00,
0x55, 0x55, 0x55, 0x55, 0x00, 0x01, 0x00, 0x00, 0x55, 0x55, 0x55, 0x55, 0x00, 0x01, 0x00, 0x00, 0x55, 0x55, 0x55, 0x55,
0x00, 0x01, 0x00, 0x00, 0x55, 0x55, 0x55, 0x55, 0x00, 0x01, 0x00, 0x00, 0x55, 0x55, 0x55, 0x55, 0x00, 0x01, 0x00, 0x00,
0x55, 0x55, 0x55, 0x55, 0x00, 0x01, 0x00, 0x00, 0x55, 0x55, 0x55, 0x55, 0x00, 0x01, 0x00, 0x00, 0x55, 0x55, 0x55, 0x55,
0x00, 0x01, 0x00, 0x00, 0x55, 0x55, 0x55, 0x55, 0x00, 0x01, 0x00, 0x00, 0x55, 0x55, 0x55, 0x55, 0x00, 0x01, 0x00, 0x00,
0x55, 0x55, 0x55, 0x55, 0x00, 0x01, 0x00, 0x00, 0x55, 0x55, 0x55, 0x55, 0xff, 0xdf, 0x4a, 0x69, 0x75, 0xca, 0xca, 0xca,
0xf7, 0x9e, 0x4a, 0x69, 0x55, 0xeb, 0xeb, 0xeb, 0xff, 0xff, 0x31, 0x86, 0x7f, 0xca, 0xca, 0x7d, 0xf7, 0xde, 0x4a, 0x49,
0x75, 0xca, 0xca, 0xf7, 0xff, 0xdf, 0x4a, 0x69, 0x5d, 0xa3, 0xa3, 0xa3, 0xff, 0xff, 0x39, 0xc7, 0xdd, 0x33, 0x33, 0x3b,
0xff, 0xff, 0x42, 0x08, 0xdd, 0x33, 0x33, 0x7d, 0xf7, 0xde, 0x52, 0xaa, 0xd7, 0x28, 0x28, 0xd5, 0xff, 0xff, 0x4a, 0x29,
0xdf, 0x30, 0x30, 0x9a, 0xff, 0xdf, 0x42, 0x48, 0x77, 0xcc, 0xcc, 0x67, 0xff, 0xff, 0x42, 0x08, 0x77, 0xcc, 0xcc, 0x5d,
0xff, 0xff, 0x31, 0x86, 0x7f, 0xca, 0xca, 0x55, 0xff, 0xff, 0x18, 0xc3, 0xff, 0x28, 0x28, 0xf5, 0xff, 0xff, 0x10, 0x82,
0xff, 0xca, 0xca, 0x55, 0xff, 0xff, 0x08, 0x41, 0xdf, 0x38, 0x38, 0xd5, 0x10, 0x82, 0xf7, 0xde, 0x28, 0x96, 0x96, 0x00,
0x08, 0x61, 0xff, 0xdf, 0x8a, 0x65, 0x65, 0x00, 0x10, 0x82, 0xf7, 0xde, 0x22, 0x99, 0x99, 0x00, 0x08, 0x61, 0xff, 0xdf,
0x8a, 0x65, 0x65, 0x00, 0x08, 0x61, 0xff, 0xdf, 0x8a, 0x65, 0x65, 0x00, 0xff, 0xff, 0x10, 0x82, 0xff, 0x32, 0x32, 0x55,
0xff, 0xff, 0x10, 0x82, 0xff, 0x8c, 0x8c, 0x55, 0xff, 0xff, 0x10, 0x82, 0xff, 0xca, 0xca, 0x55, 0x10, 0x82, 0xf7, 0xde,
0x88, 0x66, 0x66, 0x00, 0x10, 0x82, 0xf7, 0xde, 0x88, 0x66, 0x66, 0x00, 0x08, 0x61, 0xff, 0xdf, 0xa2, 0x59, 0x59, 0x00,
0x08, 0x61, 0xff, 0xdf, 0xa2, 0x59, 0x59, 0x00, 0xbe, 0x17, 0x08, 0x21, 0xff, 0x88, 0x88, 0x55, 0x08, 0x61, 0xff, 0xdf,
0xa2, 0x59, 0x59, 0x00, 0xff, 0xff, 0x08, 0x41, 0xfd, 0xa3, 0xa3, 0x55, 0xff, 0xff, 0x10, 0x82, 0xff, 0xac, 0xac, 0x55,
0xe7, 0x3c, 0x00, 0x20, 0xb9, 0x23, 0x1d, 0x55, 0xd6, 0x9a, 0x00, 0x20, 0x83, 0xc9, 0x55, 0x55, 0x08, 0x41, 0xff, 0xdf,
0x59, 0xa2, 0x00, 0x00, 0x00, 0x01, 0x00, 0x00, 0x55, 0x55, 0x55, 0x55, 0x00, 0x01, 0x00, 0x00, 0x55, 0x55, 0x55, 0x55,
0xbe, 0x17, 0x00, 0x00, 0x83, 0xd5, 0x55, 0x55, 0x8c, 0x51, 0x00, 0x00, 0x2e, 0x55, 0x55, 0x55, 0x00, 0x01, 0x00, 0x00,
0x55, 0x55, 0x55, 0x55, 0x00, 0x01, 0x00, 0x00, 0x55, 0x55, 0x55, 0x55, 0xad, 0x55, 0x00, 0x00, 0xfa, 0x55, 0x55, 0x55,
0x00, 0x01, 0x00, 0x00, 0x55, 0x55, 0x55, 0x55, 0x00, 0x01, 0x00, 0x00, 0x55, 0x55, 0x55, 0x55, 0x00, 0x01, 0x00, 0x00,
0x55, 0x55, 0x55, 0x55, 0x00, 0x01, 0x00, 0x00, 0x55, 0x55, 0x55, 0x55, 0x00, 0x01, 0x00, 0x00, 0x55, 0x55, 0x55, 0x55,
0x00, 0x01, 0x00, 0x00, 0x55, 0x55, 0x55, 0x55, 0x00, 0x01, 0x00, 0x00, 0x55, 0x55, 0x55, 0x55, 0x00, 0x01, 0x00, 0x00,
0x55, 0x55, 0x55, 0x55, 0x00, 0x01, 0x00, 0x00, 0x55, 0x55, 0x55, 0x55, 0x00, 0x01, 0x00, 0x00, 0x55, 0x55, 0x55, 0x55,
0x00, 0x01, 0x00, 0x00, 0x55, 0x55, 0x55, 0x55, 0x00, 0x01, 0x00, 0x00, 0x55, 0x55, 0x55, 0x55, 0x00, 0x01, 0x00, 0x00,
0x55, 0x55, 0x55, 0x55, 0x00, 0x01, 0x00, 0x00, 0x55, 0x55, 0x55, 0x55, 0x00, 0x01, 0x00, 0x00, 0x55, 0x55, 0x55, 0x55,
0x00, 0x01, 0x00, 0x00, 0x55, 0x55, 0x55, 0x55, 0x00, 0x01, 0x00, 0x00, 0x55, 0x55, 0x55, 0x55, 0x00, 0x01, 0x00, 0x00,
0x55, 0x55, 0x55, 0x55, 0x00, 0x01, 0x00, 0x00, 0x55, 0x55, 0x55, 0x55, 0x00, 0x01, 0x00, 0x00, 0x55, 0x55, 0x55, 0x55,
0x00, 0x01, 0x00, 0x00, 0x55, 0x55, 0x55, 0x55, 0x00, 0x01, 0x00, 0x00, 0x55, 0x55, 0x55, 0x55, 0x00, 0x01, 0x00, 0x00,
0x55, 0x55, 0x55, 0x55, 0xbd, 0xd7, 0x7b, 0xcf, 0xf5, 0x0a, 0xff, 0xdb, 0xbd, 0xf7, 0x7b, 0xcf, 0xff, 0x02, 0xfa, 0xfb,
0xb5, 0xb6, 0x00, 0x00, 0x22, 0x55, 0x55, 0x55, 0x62, 0xec, 0x00, 0x00, 0x2b, 0x55, 0x55, 0x55, 0xce, 0x59, 0x73, 0xae,
0xcf, 0x8b, 0xff, 0x75, 0xa5, 0x34, 0x5a, 0xeb, 0x0a, 0x35, 0xca, 0x75, 0x00, 0x00, 0x39, 0xc7, 0x90, 0x00, 0x00, 0x00,
0x00, 0x01, 0x00, 0x00, 0x55, 0x55, 0x55, 0x55, 0x5a, 0xeb, 0xbd, 0xd7, 0x9a, 0x20, 0x99, 0x22, 0xa5, 0x34, 0x5a, 0xeb,
0x82, 0x7d, 0xaa, 0x55, 0x00, 0x01, 0x00, 0x00, 0x55, 0x55, 0x55, 0x55, 0x00, 0x01, 0x00, 0x00, 0x55, 0x55, 0x55, 0x55,
0xb5, 0xb6, 0x5a, 0xcb, 0xa2, 0x5d, 0x2f, 0xd5, 0xbd, 0xf7, 0x21, 0x04, 0x2a, 0xbf, 0xaa, 0xfd, 0x00, 0x01, 0x00, 0x00,
0x55, 0x55, 0x55, 0x55, 0x00, 0x01, 0x00, 0x00, 0x55, 0x55, 0x55, 0x55, 0x00, 0x00, 0x07, 0xe0, 0x00, 0x00, 0x05, 0x04,
0x00, 0x00, 0x07, 0xe0, 0x00, 0x00, 0x55, 0x00, 0x00, 0x00, 0x07, 0xe0, 0x04, 0x04, 0x04, 0x04, 0x00, 0x01, 0x00, 0x00,
0x55, 0x55, 0x55, 0x55, 0x00, 0x00, 0x07, 0xe0, 0x00, 0x00, 0x54, 0x04, 0x00, 0x00, 0x07, 0xe0, 0x00, 0x00, 0x00, 0x01,
0x00, 0x00, 0x07, 0xe0, 0x04, 0x04, 0x04, 0x04, 0x00, 0x00, 0x07, 0xe0, 0x04, 0x04, 0x10, 0x10, 0x00, 0x00, 0x07, 0xe0,
0x00, 0x00, 0x41, 0x00, 0x00, 0x00, 0x07, 0xe0, 0x00, 0x00, 0x00, 0x40, 0x00, 0x01, 0x00, 0x00, 0x55, 0x55, 0x55, 0x55,
0x00, 0x00, 0x07, 0xe0, 0x10, 0x10, 0x04, 0x04, 0x00, 0x00, 0x07, 0xe0, 0x00, 0x00, 0x15, 0x10, 0x00, 0x00, 0x07, 0xe0,
0x00, 0x00, 0x41, 0x00, 0x00, 0x00, 0x07, 0xe0, 0x10, 0x10, 0x10, 0x10, 0x00, 0x01, 0x00, 0x00, 0x55, 0x55, 0x55, 0x55,
0x00, 0x00, 0x07, 0xe0, 0x00, 0x00, 0x54, 0x04, 0x00, 0x01, 0x00, 0x00, 0x55, 0x55, 0x55, 0x55, 0x00, 0x00, 0x07, 0xe0,
0x04, 0x04, 0x04, 0x04, 0x00, 0x00, 0x07, 0xe0, 0x00, 0x00, 0x00, 0x01, 0x00, 0x00, 0x07, 0xe0, 0x00, 0x00, 0x15, 0x40,
0x00, 0x00, 0x07, 0xe0, 0x00, 0x00, 0x05, 0x00, 0x00, 0x00, 0x07, 0xe0, 0x40, 0x40, 0x40, 0x00, 0x00, 0x01, 0x00, 0x00,
0x55, 0x55, 0x55, 0x55, 0x00, 0x00, 0x07, 0xe0, 0x00, 0x00, 0x40, 0x10, 0x00, 0x00, 0x07, 0xe0, 0x00, 0x00, 0x01, 0x00,
0x00, 0x00, 0x07, 0xe0, 0x10, 0x10, 0x10, 0x04, 0x00, 0x01, 0x00, 0x00, 0x55, 0x55, 0x55, 0x55, 0x00, 0x00, 0x07, 0xe0,
0x00, 0x00, 0x00, 0x40, 0x00, 0x01, 0x00, 0x00, 0x55, 0x55, 0x55, 0x55, 0x00, 0x00, 0x07, 0xe0, 0x40, 0x40, 0x10, 0x10,
0x00, 0x01, 0x00, 0x00, 0x55, 0x55, 0x55, 0x55, 0x00, 0x00, 0x07, 0xe0, 0x00, 0x00, 0x00, 0x01, 0x00, 0x00, 0x07, 0xe0,
0x00, 0x00, 0x40, 0x00, 0x00, 0x00, 0x07, 0xe0, 0x01, 0x01, 0x04, 0x04, 0x00, 0x00, 0x07, 0xe0, 0x00, 0x01, 0x01, 0x01,
0x00, 0x00, 0x07, 0xe0, 0x00, 0x00, 0x05, 0x50, 0x00, 0x00, 0x07, 0xe0, 0x00, 0x00, 0x40, 0x14, 0x00, 0x00, 0x07, 0xe0,
0x40, 0x00, 0x00, 0x00, 0x00, 0x00, 0x07, 0xe0, 0x04, 0x01, 0x01, 0x01, 0x00, 0x01, 0x00, 0x00, 0x55, 0x55, 0x55, 0x55,
0x00, 0x00, 0x07, 0xe0, 0x00, 0x00, 0x10, 0x10, 0x00, 0x00, 0x07, 0xe0, 0x01, 0x04, 0x04, 0x04, 0x00, 0x00, 0x07, 0xe0,
0x55, 0x10, 0x10, 0x10, 0x00, 0x01, 0x00, 0x00, 0x55, 0x55, 0x55, 0x55, 0x00, 0x00, 0x07, 0xe0, 0x00, 0x00, 0x01, 0x14,
0x00, 0x00, 0x07, 0xe0, 0x00, 0x40, 0x01, 0x01, 0x00, 0x00, 0x07, 0xe0, 0x40, 0x41, 0x04, 0x04, 0x00, 0x00, 0x07, 0xe0,
0x00, 0x00, 0x55, 0x00, 0x00, 0x00, 0x07, 0xe0, 0x00, 0x00, 0x00, 0x40, 0x00, 0x00, 0x07, 0xe0, 0x00, 0x55, 0x01, 0x01,
0x00, 0x00, 0x07, 0xe0, 0x10, 0x04, 0x04, 0x04, 0x00, 0x00, 0x07, 0xe0, 0x00, 0x00, 0x10, 0x10, 0x00, 0x01, 0x00, 0x00,
0x55, 0x55, 0x55, 0x55, 0x00, 0x00, 0x07, 0xe0, 0x10, 0x10, 0x10, 0x10, 0x00, 0x01, 0x00, 0x00, 0x55, 0x55, 0x55, 0x55,
0x00, 0x00, 0x07, 0xe0, 0x00, 0x00, 0x05, 0x05, 0x00, 0x01, 0x00, 0x00, 0x55, 0x55, 0x55, 0x55, 0x00, 0x00, 0x07, 0xe0,
0x04, 0x04, 0x04, 0x04, 0x00, 0x00, 0x07, 0xe0, 0x40, 0x40, 0x11, 0x11, 0x00, 0x00, 0x07, 0xe0, 0x00, 0x00, 0x14, 0x14,
0x00, 0x00, 0x07, 0xe0, 0x00, 0x00, 0x14, 0x14, 0x00, 0x00, 0x07, 0xe0, 0x44, 0x44, 0x04, 0x04, 0x00, 0x00, 0x07, 0xe0,
0x11, 0x10, 0x10, 0x10, 0x00, 0x01, 0x00, 0x00, 0x55, 0x55, 0x55, 0x55, 0x00, 0x00, 0x07, 0xe0, 0x00, 0x00, 0x40, 0x40,
0x00, 0x00, 0x07, 0xe0, 0x00, 0x40, 0x40, 0x10, 0x00, 0x00, 0x07, 0xe0, 0x40, 0x41, 0x41, 0x41, 0x00, 0x00, 0x07, 0xe0,
0x00, 0x00, 0x05, 0x50, 0x00, 0x00, 0x07, 0xe0, 0x00, 0x00, 0x40, 0x14, 0x00, 0x00, 0x07, 0xe0, 0x40, 0x00, 0x00, 0x00,
0x00, 0x00, 0x07, 0xe0, 0x04, 0x01, 0x01, 0x01, 0x00, 0x00, 0x07, 0xe0, 0x00, 0x00, 0x05, 0x04, 0x00, 0x00, 0x07, 0xe0,
0x00, 0x00, 0x54, 0x01, 0x00, 0x00, 0x07, 0xe0, 0x04, 0x04, 0x04, 0x05, 0x00, 0x00, 0x07, 0xe0, 0x00, 0x00, 0x01, 0x54,
0x00, 0x01, 0x00, 0x00, 0x55, 0x55, 0x55, 0x55, 0x00, 0x00, 0x07, 0xe0, 0x00, 0x00, 0x01, 0x04, 0x00, 0x00, 0x07, 0xe0,
0x40, 0x40, 0x00, 0x00, 0x00, 0x00, 0x07, 0xe0, 0x04, 0x10, 0x10, 0x10, 0x00, 0x00, 0x07, 0xe0, 0x00, 0x00, 0x40, 0x10,
0x00, 0x00, 0x07, 0xe0, 0x00, 0x00, 0x01, 0x01, 0x00, 0x00, 0x07, 0xe0, 0x10, 0x04, 0x04, 0x04, 0x00, 0x00, 0x07, 0xe0,
0x01, 0x01, 0x01, 0x01, 0x00, 0x00, 0x07, 0xe0, 0x00, 0x00, 0x55, 0x00, 0x00, 0x00, 0x07, 0xe0, 0x00, 0x00, 0x00, 0x40,
0x00, 0x00, 0x07, 0xe0, 0x00, 0x00, 0x01, 0x54, 0x00, 0x00, 0x07, 0xe0, 0x40, 0x40, 0x00, 0x00, 0x00, 0x00, 0x07, 0xe0,
0x00, 0x00, 0x01, 0x04, 0x00, 0x00, 0x07, 0xe0, 0x00, 0x00, 0x55, 0x00, 0x00, 0x00, 0x07, 0xe0, 0x10, 0x10, 0x05, 0x00,
0x00, 0x00, 0x07, 0xe0, 0x00, 0x00, 0x40, 0x15, 0x00, 0x00, 0x07, 0xe0, 0x00, 0x00, 0x01, 0x40, 0x00, 0x00, 0x07, 0xe0,
0x00, 0x00, 0x55, 0x01, 0x00, 0x01, 0x00, 0x00, 0x55, 0x55, 0x55, 0x55, 0x00, 0x00, 0x07, 0xe0, 0x01, 0x01, 0x01, 0x01,
0x00, 0x00, 0x07, 0xe0, 0x00, 0x00, 0x55, 0x00, 0x00, 0x00, 0x07, 0xe0, 0x00, 0x00, 0x04, 0x04, 0x00, 0x01, 0x00, 0x00,
0x55, 0x55, 0x55, 0x55, 0x00, 0x00, 0x07, 0xe0, 0x04, 0x04, 0x04, 0x04, 0x00, 0x01, 0x00, 0x00, 0x55, 0x55, 0x55, 0x55,
0x00, 0x00, 0x07, 0xe0, 0x00, 0x00, 0x10, 0x10, 0x00, 0x01, 0x00, 0x00, 0x55, 0x55, 0x55, 0x55, 0x00, 0x00, 0x07, 0xe0,
0x10, 0x10, 0x10, 0x10, 0x00, 0x00, 0x07, 0xe0, 0x00, 0x00, 0x40, 0x40, 0x00, 0x01, 0x00, 0x00, 0x55, 0x55, 0x55, 0x55,
0x00, 0x00, 0x07, 0xe0, 0x10, 0x10, 0x04, 0x04, 0x00, 0x00, 0x07, 0xe0, 0x00, 0x00, 0x01, 0x01, 0x00, 0x00, 0x07, 0xe0,
0x00, 0x00, 0x10, 0x10, 0x00, 0x00, 0x07, 0xe0, 0x00, 0x00, 0x40, 0x40, 0x00, 0x00, 0x07, 0xe0, 0x40, 0x40, 0x00, 0x00,
0x00, 0x00, 0x07, 0xe0, 0x10, 0x10, 0x10, 0x04, 0x00, 0x00, 0x07, 0xe0, 0x00, 0x00, 0x04, 0x04, 0x00, 0x01, 0x00, 0x00,
0x55, 0x55, 0x55, 0x55, 0x00, 0x00, 0x07, 0xe0, 0x11, 0x11, 0x11, 0x40, 0x00, 0x00, 0x07, 0xe0, 0x01, 0x01, 0x01, 0x44,
0x00, 0x00, 0x07, 0xe0, 0x00, 0x00, 0x41, 0x40, 0x00, 0x00, 0x07, 0xe0, 0x00, 0x00, 0x00, 0x40, 0x00, 0x01, 0x00, 0x00,
0x55, 0x55, 0x55, 0x55, 0x00, 0x00, 0x07, 0xe0, 0x10, 0x10, 0x05, 0x05, 0x00, 0x00, 0x07, 0xe0, 0x00, 0x00, 0x04, 0x10,
0x00, 0x00, 0x07, 0xe0, 0x00, 0x00, 0x15, 0x00, 0x00, 0x00, 0x07, 0xe0, 0x40, 0x40, 0x00, 0x00, 0x00, 0x01, 0x00, 0x00,
0x55, 0x55, 0x55, 0x55, 0x00, 0x00, 0x07, 0xe0, 0x00, 0x00, 0x55, 0x00, 0x00, 0x00, 0x07, 0xe0, 0x00, 0x00, 0x40, 0x40,
0x00, 0x00, 0x07, 0xe0, 0x01, 0x04, 0x10, 0x40, 0x00, 0x01, 0x00, 0x00, 0x55, 0x55, 0x55, 0x55, 0x00, 0x00, 0x07, 0xe0,
0x04, 0x04, 0x04, 0x04, 0x00, 0x01, 0x00, 0x00, 0x55, 0x55, 0x55, 0x55, 0x00, 0x00, 0x07, 0xe0, 0x04, 0x04, 0x04, 0x05,
0x00, 0x00, 0x07, 0xe0, 0x00, 0x00, 0x00, 0x55, 0x00, 0x00, 0x07, 0xe0, 0x04, 0x04, 0x04, 0x04, 0x00, 0x00, 0x07, 0xe0,
0x10, 0x10, 0x10, 0x10, 0x00, 0x00, 0x07, 0xe0, 0x04, 0x04, 0x04, 0x54, 0x00, 0x00, 0x07, 0xe0, 0x04, 0x04, 0x01, 0x00,
0x00, 0x01, 0x00, 0x00, 0x55, 0x55, 0x55, 0x55, 0x00, 0x00, 0x07, 0xe0, 0x04, 0x04, 0x04, 0x04, 0x00, 0x00, 0x07, 0xe0,
0x00, 0x00, 0x00, 0x41, 0x00, 0x00, 0x07, 0xe0, 0x10, 0x10, 0x40, 0x00, 0x00, 0x00, 0x07, 0xe0, 0x10, 0x10, 0x10, 0x10,
0x00, 0x01, 0x00, 0x00, 0x55, 0x55, 0x55, 0x55, 0x00, 0x00, 0x07, 0xe0, 0x10, 0x10, 0x10, 0x15, 0x00, 0x00, 0x07, 0xe0,
0x00, 0x00, 0x00, 0x41, 0x00, 0x00, 0x07, 0xe0, 0x04, 0x04, 0x04, 0x04, 0x00, 0x00, 0x07, 0xe0, 0x14, 0x01, 0x00, 0x00,
0x00, 0x00, 0x07, 0xe0, 0x04, 0x04, 0x04, 0x54, 0x00, 0x01, 0x00, 0x00, 0x55, 0x55, 0x55, 0x55, 0x00, 0x00, 0x07, 0xe0,
0x00, 0x00, 0x40, 0x40, 0x00, 0x01, 0x00, 0x00, 0x55, 0x55, 0x55, 0x55, 0x00, 0x00, 0x07, 0xe0, 0x40, 0x40, 0x40, 0x15,
0x00, 0x00, 0x07, 0xe0, 0x00, 0x00, 0x00, 0x05, 0x00, 0x00, 0x07, 0xe0, 0x01, 0x04, 0x10, 0x10, 0x00, 0x00, 0x07, 0xe0,
0x40, 0x00, 0x00, 0x00, 0x00, 0x00, 0x07, 0xe0, 0x10, 0x10, 0x10, 0x40, 0x00, 0x01, 0x00, 0x00, 0x55, 0x55, 0x55, 0x55,
0x00, 0x00, 0x07, 0xe0, 0x04, 0x04, 0x04, 0x01, 0x00, 0x01, 0x00, 0x00, 0x55, 0x55, 0x55, 0x55, 0x00, 0x00, 0x07, 0xe0,
0x01, 0x01, 0x00, 0x00, 0x00, 0x00, 0x07, 0xe0, 0x00, 0x01, 0x41, 0x00, 0x00, 0x00, 0x07, 0xe0, 0x10, 0x10, 0x10, 0x40,
0x00, 0x00, 0x07, 0xe0, 0x01, 0x00, 0x00, 0x00, 0x00, 0x00, 0x07, 0xe0, 0x40, 0x00, 0x00, 0x00, 0x00, 0x01, 0x00, 0x00,
0x55, 0x55, 0x55, 0x55, 0x00, 0x00, 0x07, 0xe0, 0x00, 0x40, 0x50, 0x05, 0x00, 0x00, 0x07, 0xe0, 0x01, 0x04, 0x14, 0x40,
0x00, 0x01, 0x00, 0x00, 0x55, 0x55, 0x55, 0x55, 0x00, 0x00, 0x07, 0xe0, 0x40, 0x40, 0x15, 0x00, 0x00, 0x00, 0x07, 0xe0,
0x01, 0x00, 0x00, 0x04, 0x00, 0x00, 0x07, 0xe0, 0x55, 0x10, 0x10, 0x10, 0x00, 0x00, 0x07, 0xe0, 0x01, 0x00, 0x00, 0x00,
0x00, 0x00, 0x07, 0xe0, 0x55, 0x10, 0x10, 0x00, 0x00, 0x00, 0x07, 0xe0, 0x01, 0x41, 0x40, 0x40, 0x00, 0x00, 0x07, 0xe0,
0x04, 0x04, 0x41, 0x40, 0x00, 0x01, 0x00, 0x00, 0x55, 0x55, 0x55, 0x55, 0x00, 0x00, 0x07, 0xe0, 0x14, 0x01, 0x00, 0x00,
0x00, 0x00, 0x07, 0xe0, 0x01, 0x01, 0x55, 0x00, 0x00, 0x00, 0x07, 0xe0, 0x04, 0x04, 0x50, 0x00, 0x00, 0x00, 0x07, 0xe0,
0x00, 0x55, 0x00, 0x00, 0x00, 0x01, 0x00, 0x00, 0x55, 0x55, 0x55, 0x55, 0x00, 0x00, 0x07, 0xe0, 0x10, 0x10, 0x10, 0x15,
0x00, 0x00, 0x07, 0xe0, 0x00, 0x00, 0x00, 0x55, 0x00, 0x01, 0x00, 0x00, 0x55, 0x55, 0x55, 0x55, 0x00, 0x01, 0x00, 0x00,
0x55, 0x55, 0x55, 0x55, 0x00, 0x00, 0x07, 0xe0, 0x04, 0x04, 0x04, 0x04, 0x00, 0x00, 0x07, 0xe0, 0x04, 0x04, 0x00, 0x00,
0x00, 0x01, 0x00, 0x00, 0x55, 0x55, 0x55, 0x55, 0x00, 0x01, 0x00, 0x00, 0x55, 0x55, 0x55, 0x55, 0x00, 0x00, 0x07, 0xe0,
0x04, 0x04, 0x04, 0x04, 0x00, 0x00, 0x07, 0xe0, 0x10, 0x10, 0x10, 0x10, 0x00, 0x01, 0x00, 0x00, 0x55, 0x55, 0x55, 0x55,
0x00, 0x01, 0x00, 0x00, 0x55, 0x55, 0x55, 0x55, 0x00, 0x00, 0x07, 0xe0, 0x10, 0x04, 0x01, 0x01, 0x00, 0x00, 0x07, 0xe0,
0x41, 0x40, 0x40, 0x40, 0x00, 0x01, 0x00, 0x00, 0x55, 0x55, 0x55, 0x55, 0x00, 0x01, 0x00, 0x00, 0x55, 0x55, 0x55, 0x55,
0x00, 0x00, 0x07, 0xe0, 0x00, 0x40, 0x50, 0x05, 0x00, 0x00, 0x07, 0xe0, 0x01, 0x04, 0x14, 0x40, 0x00, 0x01, 0x00, 0x00,
0x55, 0x55, 0x55, 0x55, 0x00, 0x01, 0x00, 0x00, 0x55, 0x55, 0x55, 0x55, 0x00, 0x00, 0x07, 0xe0, 0x04, 0x04, 0x04, 0x04,
0x00, 0x01, 0x00, 0x00, 0x55, 0x55, 0x55, 0x55, 0x00, 0x01, 0x00, 0x00, 0x55, 0x55, 0x55, 0x55, 0x00, 0x01, 0x00, 0x00,
0x55, 0x55, 0x55, 0x55, 0x00, 0x00, 0x07, 0xe0, 0x00, 0x00, 0x01, 0x01, 0x00, 0x00, 0x07, 0xe0, 0x55, 0x40, 0x00, 0x00,
0x00, 0x01, 0x00, 0x00, 0x55, 0x55, 0x55, 0x55, 0x00, 0x01, 0x00, 0x00, 0x55, 0x55, 0x55, 0x55, 0x00, 0x00, 0x07, 0xe0,
0x55, 0x01, 0x00, 0x00, 0x00, 0x00, 0x07, 0xe0, 0x01, 0x01, 0x41, 0x41, 0x00, 0x01, 0x00, 0x00, 0x55, 0x55, 0x55, 0x55,
0x00, 0x01, 0x00, 0x00, 0x55, 0x55, 0x55, 0x55, 0x00, 0x00, 0x07, 0xe0, 0x01, 0x00, 0x00, 0x00, 0x00, 0x00, 0x07, 0xe0,
0x00, 0x40, 0x10, 0x04, 0x00, 0x01, 0x00, 0x00, 0x55, 0x55, 0x55, 0x55, 0x00, 0x01, 0x00, 0x00, 0x55, 0x55, 0x55, 0x55,
0x00, 0x00, 0x07, 0xe0, 0x00, 0x10, 0x04, 0x01, 0x00, 0x00, 0x07, 0xe0, 0x00, 0x00, 0x01, 0x54, 0x00, 0x01, 0x00, 0x00,
0x55, 0x55, 0x55, 0x55, 0x00, 0x01, 0x00, 0x00, 0x55, 0x55, 0x55, 0x55, 0x00, 0x00, 0x07, 0xe0, 0x40, 0x40, 0x00, 0x00,
0x00, 0x00, 0x07, 0xe0, 0x01, 0x01, 0x01, 0x01, 0x00, 0x01, 0x00, 0x00, 0x55, 0x55, 0x55, 0x55, 0x00, 0x01, 0x00, 0x00,
0x55, 0x55, 0x55, 0x55, 0x00, 0x01, 0x00, 0x00, 0x55, 0x55, 0x55, 0x55, 0x00, 0x00, 0x07, 0xe0, 0x04, 0x04, 0x01, 0x00,
0x00, 0x01, 0x00, 0x00, 0x55, 0x55, 0x55, 0x55, 0x00, 0x01, 0x00, 0x00, 0x55, 0x55, 0x55, 0x55, 0x00, 0x00, 0x07, 0xe0,
0x00, 0x00, 0x00, 0x55, 0x00, 0x00, 0x07, 0xe0, 0x10, 0x10, 0x40, 0x00, 0x00, 0x01, 0x00, 0x00, 0x55, 0x55, 0x55, 0x55,
0x00, 0x01, 0x00, 0x00, 0x55, 0x55, 0x55, 0x55, 0x00, 0x00, 0x07, 0xe0, 0x04, 0x01, 0x01, 0x00, 0x00, 0x00, 0x07, 0xe0,
0x01, 0x04, 0x04, 0x50, 0x00, 0x01, 0x00, 0x00, 0x55, 0x55, 0x55, 0x55, 0x00, 0x01, 0x00, 0x00, 0x55, 0x55, 0x55, 0x55,
0x00, 0x01, 0x00, 0x00, 0x55, 0x55, 0x55, 0x55, 0x00, 0x00, 0x07, 0xe0, 0x04, 0x04, 0x01, 0x01, 0x00, 0x01, 0x00, 0x00,
0x55, 0x55, 0x55, 0x55, 0x00, 0x01, 0x00, 0x00, 0x55, 0x55, 0x55, 0x55, 0x00, 0x00, 0x07, 0xe0, 0x40, 0x40, 0x00, 0x00,
0x00, 0x00, 0x07, 0xe0, 0x44, 0x44, 0x10, 0x10, 0x00, 0x01, 0x00, 0x00, 0x55, 0x55, 0x55, 0x55, 0x00, 0x01, 0x00, 0x00,
0x55, 0x55, 0x55, 0x55, 0x00, 0x00, 0x07, 0xe0, 0x00, 0x00, 0x00, 0x01, 0x00, 0x00, 0x07, 0xe0, 0x10, 0x10, 0x40, 0x00,
0x00, 0x01, 0x00, 0x00, 0x55, 0x55, 0x55, 0x55, 0x00, 0x01, 0x00, 0x00, 0x55, 0x55, 0x55, 0x55, 0x00, 0x00, 0x07, 0xe0,
0x40, 0x40, 0x10, 0x04, 0x00, 0x00, 0x07, 0xe0, 0x01, 0x04, 0x10, 0x15, 0x00, 0x01, 0x00, 0x00, 0x55, 0x55, 0x55, 0x55,
0x00, 0x01, 0x00, 0x00, 0x55, 0x55, 0x55, 0x55, 0x00, 0x00, 0x07, 0xe0, 0x00, 0x00, 0x00, 0x55, 0x00, 0x00, 0x07, 0xe0,
0x00, 0x00, 0x00, 0x40, 0x00, 0x01, 0x00, 0x00, 0x55, 0x55, 0x55, 0x55, 0x00, 0x01, 0x00, 0x00, 0x55, 0x55, 0x55, 0x55,
0x00, 0x00, 0x07, 0xe0, 0x00, 0x00, 0x04, 0x01, 0x00, 0x01, 0x00, 0x00, 0x55, 0x55, 0x55, 0x55, 0x00, 0x01, 0x00, 0x00,
0x55, 0x55, 0x55, 0x55, 0x00, 0x00, 0x07, 0xe0, 0x40, 0x40, 0x11, 0x04, 0x00, 0x00, 0x07, 0xe0, 0x00, 0x00, 0x04, 0x10,
0x00, 0x00, 0x07, 0xe0, 0x00, 0x00, 0x01, 0x15, 0x00, 0x00, 0x07, 0xe0, 0x40, 0x40, 0x00, 0x00, 0x00, 0x00, 0x07, 0xe0,
0x01, 0x01, 0x01, 0x01, 0x00, 0x01, 0x00, 0x00, 0x55, 0x55, 0x55, 0x55, 0x00, 0x00, 0x07, 0xe0, 0x00, 0x00, 0x15, 0x40,
0x00, 0x01, 0x00, 0x00, 0x55, 0x55, 0x55, 0x55, 0x00, 0x00, 0x07, 0xe0, 0x00, 0x00, 0x00, 0x01, 0x00, 0x00, 0x07, 0xe0,
0x00, 0x00, 0x50, 0x04, 0x00, 0x00, 0x07, 0xe0, 0x00, 0x00, 0x05, 0x10, 0x00, 0x00, 0x07, 0xe0, 0x04, 0x04, 0x10, 0x40,
0x00, 0x00, 0x07, 0xe0, 0x00, 0x00, 0x01, 0x00, 0x00, 0x00, 0x07, 0xe0, 0x00, 0x00, 0x54, 0x01, 0x00, 0x01, 0x00, 0x00,
0x55, 0x55, 0x55, 0x55, 0x00, 0x00, 0x07, 0xe0, 0x01, 0x04, 0x50, 0x04, 0x00, 0x00, 0x07, 0xe0, 0x00, 0x00, 0x01, 0x04,
0x00, 0x00, 0x07, 0xe0, 0x00, 0x00, 0x01, 0x05, 0x00, 0x01, 0x00, 0x00, 0x55, 0x55, 0x55, 0x55, 0x00, 0x00, 0x07, 0xe0,
0x11, 0x41, 0x01, 0x01, 0x00, 0x01, 0x00, 0x00, 0x55, 0x55, 0x55, 0x55, 0x00, 0x00, 0x07, 0xe0, 0x00, 0x00, 0x55, 0x40,
0x00, 0x00, 0x07, 0xe0, 0x00, 0x00, 0x54, 0x00, 0x00, 0x00, 0x07, 0xe0, 0x40, 0x40, 0x55, 0x00, 0x00, 0x00, 0x07, 0xe0,
0x00, 0x00, 0x40, 0x10, 0x00, 0x00, 0x07, 0xe0, 0x00, 0x00, 0x00, 0x05, 0x00, 0x00, 0x07, 0xe0, 0x00, 0x00, 0x54, 0x00,
0x00, 0x00, 0x07, 0xe0, 0x04, 0x10, 0x15, 0x10, 0x00, 0x00, 0x07, 0xe0, 0x00, 0x00, 0x50, 0x04, 0x00, 0x00, 0x07, 0xe0,
0x00, 0x00, 0x05, 0x00, 0x00, 0x00, 0x07, 0xe0, 0x00, 0x00, 0x55, 0x00, 0x00, 0x01, 0x00, 0x00, 0x55, 0x55, 0x55, 0x55,
0x00, 0x00, 0x07, 0xe0, 0x01, 0x01, 0x04, 0x04, 0x00, 0x00, 0x07, 0xe0, 0x00, 0x00, 0x40, 0x41, 0x00, 0x00, 0x07, 0xe0,
0x00, 0x00, 0x55, 0x00, 0x00, 0x00, 0x07, 0xe0, 0x01, 0x01, 0x00, 0x01, 0x00, 0x00, 0x07, 0xe0, 0x00, 0x00, 0x55, 0x00,
0x00, 0x00, 0x07, 0xe0, 0x00, 0x00, 0x40, 0x10, 0x00, 0x00, 0x07, 0xe0, 0x00, 0x00, 0x05, 0x10, 0x00, 0x00, 0x07, 0xe0,
0x10, 0x10, 0x40, 0x10, 0x00, 0x00, 0x07, 0xe0, 0x40, 0x40, 0x10, 0x05, 0x00, 0x00, 0x07, 0xe0, 0x00, 0x00, 0x40, 0x10,
0x00, 0x00, 0x07, 0xe0, 0x00, 0x00, 0x01, 0x04, 0x00, 0x00, 0x07, 0xe0, 0x04, 0x04, 0x04, 0x54, 0x00, 0x00, 0x07, 0xe0,
0x10, 0x10, 0x10, 0x10, 0x00, 0x00, 0x07, 0xe0, 0x00, 0x00, 0x50, 0x04, 0x00, 0x00, 0x07, 0xe0, 0x00, 0x00, 0x04, 0x04,
0x00, 0x00, 0x07, 0xe0, 0x01, 0x01, 0x01, 0x01, 0x00, 0x00, 0x07, 0xe0, 0x04, 0x04, 0x04, 0x04, 0x00, 0x00, 0x07, 0xe0,
0x00, 0x00, 0x15, 0x10, 0x00, 0x00, 0x07, 0xe0, 0x00, 0x00, 0x54, 0x01, 0x00, 0x00, 0x07, 0xe0, 0x10, 0x10, 0x15, 0x10,
0x00, 0x00, 0x07, 0xe0, 0x01, 0x01, 0x54, 0x01, 0x00, 0x01, 0x00, 0x00, 0x55, 0x55, 0x55, 0x55, 0x00, 0x00, 0x07, 0xe0,
0x00, 0x00, 0x01, 0x01, 0x00, 0x01, 0x00, 0x00, 0x55, 0x55, 0x55, 0x55, 0x00, 0x00, 0x07, 0xe0, 0x04, 0x55, 0x04, 0x10,
0x00, 0x00, 0x07, 0xe0, 0x00, 0x00, 0x04, 0x04, 0x00, 0x00, 0x07, 0xe0, 0x00, 0x00, 0x00, 0x01, 0x00, 0x00, 0x07, 0xe0,
0x10, 0x55, 0x10, 0x40, 0x00, 0x00, 0x07, 0xe0, 0x01, 0x04, 0x04, 0x04, 0x00, 0x00, 0x07, 0xe0, 0x00, 0x00, 0x15, 0x40,
0x00, 0x00, 0x07, 0xe0, 0x00, 0x00, 0x40, 0x10, 0x00, 0x01, 0x00, 0x00, 0x55, 0x55, 0x55, 0x55, 0x00, 0x01, 0x00, 0x00,
0x55, 0x55, 0x55, 0x55, 0x00, 0x00, 0x07, 0xe0, 0x00, 0x00, 0x15, 0x40, 0x00, 0x00, 0x07, 0xe0, 0x00, 0x00, 0x00, 0x40,
0x00, 0x00, 0x07, 0xe0, 0x40, 0x40, 0x40, 0x15, 0x00, 0x00, 0x07, 0xe0, 0x41, 0x41, 0x44, 0x04, 0x00, 0x00, 0x07, 0xe0,
0x00, 0x00, 0x10, 0x40, 0x00, 0x00, 0x07, 0xe0, 0x00, 0x00, 0x00, 0x01, 0x00, 0x00, 0x07, 0xe0, 0x00, 0x00, 0x15, 0x40,
0x00, 0x00, 0x07, 0xe0, 0x01, 0x01, 0x00, 0x41, 0x00, 0x00, 0x07, 0xe0, 0x00, 0x00, 0x55, 0x00, 0x00, 0x00, 0x07, 0xe0,
0x00, 0x00, 0x00, 0x40, 0x00, 0x00, 0x07, 0xe0, 0x00, 0x01, 0x54, 0x01, 0x00, 0x00, 0x07, 0xe0, 0x40, 0x00, 0x04, 0x04,
0x00, 0x00, 0x07, 0xe0, 0x00, 0x00, 0x05, 0x04, 0x00, 0x00, 0x07, 0xe0, 0x00, 0x00, 0x55, 0x00, 0x00, 0x00, 0x07, 0xe0,
0x04, 0x04, 0x04, 0x04, 0x00, 0x01, 0x00, 0x00, 0x55, 0x55, 0x55, 0x55, 0x00, 0x00, 0x07, 0xe0, 0x00, 0x00, 0x00, 0x50,
0x00, 0x00, 0x07, 0xe0, 0x00, 0x00, 0x15, 0x10, 0x00, 0x00, 0x07, 0xe0, 0x10, 0x04, 0x04, 0x04, 0x00, 0x00, 0x07, 0xe0,
0x10, 0x10, 0x15, 0x10, 0x00, 0x00, 0x07, 0xe0, 0x00, 0x00, 0x55, 0x00, 0x00, 0x00, 0x07, 0xe0, 0x00, 0x00, 0x05, 0x04,
0x00, 0x00, 0x07, 0xe0, 0x00, 0x00, 0x55, 0x00, 0x00, 0x00, 0x07, 0xe0, 0x04, 0x04, 0x05, 0x04, 0x00, 0x00, 0x07, 0xe0,
0x00, 0x00, 0x55, 0x00, 0x00, 0x00, 0x07, 0xe0, 0x00, 0x00, 0x40, 0x00, 0x00, 0x00, 0x07, 0xe0, 0x00, 0x00, 0x55, 0x00,
0x00, 0x00, 0x07, 0xe0, 0x00, 0x01, 0x01, 0x01, 0x00, 0x00, 0x07, 0xe0, 0x00, 0x00, 0x05, 0x50, 0x00, 0x00, 0x07, 0xe0,
0x00, 0x00, 0x50, 0x05, 0x00, 0x00, 0x07, 0xe0, 0x40, 0x00, 0x00, 0x00, 0x00, 0x00, 0x07, 0xe0, 0x01, 0x00, 0x00, 0x55,
0x00, 0x00, 0x07, 0xe0, 0x00, 0x00, 0x04, 0x04, 0x00, 0x01, 0x00, 0x00, 0x55, 0x55, 0x55, 0x55, 0x00, 0x00, 0x07, 0xe0,
0x04, 0x04, 0x05, 0x04, 0x00, 0x00, 0x07, 0xe0, 0x00, 0x00, 0x55, 0x00, 0x00, 0x00, 0x07, 0xe0, 0x00, 0x00, 0x10, 0x10,
0x00, 0x00, 0x07, 0xe0, 0x00, 0x00, 0x54, 0x10, 0x00, 0x00, 0x07, 0xe0, 0x10, 0x10, 0x50, 0x10, 0x00, 0x00, 0x07, 0xe0,
0x10, 0x10, 0x10, 0x10, 0x00, 0x00, 0x07, 0xe0, 0x00, 0x00, 0x04, 0x04, 0x00, 0x00, 0x07, 0xe0, 0x00, 0x00, 0x05, 0x10,
0x00, 0x01, 0x00, 0x00, 0x55, 0x55, 0x55, 0x55, 0x00, 0x00, 0x07, 0xe0, 0x00, 0x00, 0x00, 0x01, 0x00, 0x00, 0x07, 0xe0,
0x00, 0x00, 0x50, 0x04, 0x00, 0x00, 0x07, 0xe0, 0x00, 0x00, 0x01, 0x00, 0x00, 0x00, 0x07, 0xe0, 0x04, 0x04, 0x50, 0x00,
0x00, 0x01, 0x00, 0x00, 0x55, 0x55, 0x55, 0x55, 0x00, 0x00, 0x07, 0xe0, 0x00, 0x00, 0x50, 0x10, 0x00, 0x00, 0x07, 0xe0,
0x00, 0x00, 0x40, 0x40, 0x00, 0x00, 0x07, 0xe0, 0x10, 0x10, 0x10, 0x10, 0x00, 0x00, 0x07, 0xe0, 0x40, 0x41, 0x44, 0x51,
0x00, 0x00, 0x07, 0xe0, 0x00, 0x00, 0x04, 0x10, 0x00, 0x00, 0x07, 0xe0, 0x00, 0x00, 0x00, 0x04, 0x00, 0x00, 0x07, 0xe0,
0x40, 0x00, 0x00, 0x00, 0x00, 0x00, 0x07, 0xe0, 0x01, 0x00, 0x01, 0x04, 0x00, 0x00, 0x07, 0xe0, 0x00, 0x00, 0x10, 0x10,
0x00, 0x00, 0x07, 0xe0, 0x00, 0x00, 0x00, 0x40, 0x00, 0x00, 0x07, 0xe0, 0x11, 0x54, 0x11, 0x10, 0x00, 0x00, 0x07, 0xe0,
0x00, 0x00, 0x00, 0x40, 0x00, 0x01, 0x00, 0x00, 0x55, 0x55, 0x55, 0x55, 0x00, 0x00, 0x07, 0xe0, 0x04, 0x04, 0x04, 0x04,
0x00, 0x01, 0x00, 0x00, 0x55, 0x55, 0x55, 0x55, 0x00, 0x00, 0x07, 0xe0, 0x00, 0x00, 0x04, 0x04, 0x00, 0x01, 0x00, 0x00,
0x55, 0x55, 0x55, 0x55, 0x00, 0x00, 0x07, 0xe0, 0x01, 0x01, 0x01, 0x15, 0x00, 0x01, 0x00, 0x00, 0x55, 0x55, 0x55, 0x55,
0x00, 0x00, 0x07, 0xe0, 0x00, 0x00, 0x10, 0x10, 0x00, 0x00, 0x07, 0xe0, 0x00, 0x00, 0x00, 0x50, 0x00, 0x00, 0x07, 0xe0,
0x04, 0x10, 0x40, 0x55, 0x00, 0x01, 0x00, 0x00, 0x55, 0x55, 0x55, 0x55, 0x00, 0x00, 0x07, 0xe0, 0x00, 0x00, 0x05, 0x50,
0x00, 0x00, 0x07, 0xe0, 0x00, 0x00, 0x00, 0x54, 0x00, 0x00, 0x07, 0xe0, 0x00, 0x00, 0x10, 0x05, 0x00, 0x00, 0x07, 0xe0,
0x00, 0x00, 0x05, 0x00, 0x00, 0x00, 0x07, 0xe0, 0x00, 0x00, 0x00, 0x50, 0x00, 0x00, 0x07, 0xe0, 0x01, 0x01, 0x04, 0x50,
0x00, 0x00, 0x07, 0xe0, 0x05, 0x00, 0x00, 0x00, 0x00, 0x01, 0x00, 0x00, 0x55, 0x55, 0x55, 0x55, 0x00, 0x00, 0x07, 0xe0,
0x00, 0x00, 0x00, 0x01, 0x00, 0x00, 0x07, 0xe0, 0x55, 0x01, 0x01, 0x01, 0x00, 0x00, 0x07, 0xe0, 0x50, 0x00, 0x00, 0x00,
0x00, 0x00, 0x07, 0xe0, 0x00, 0x00, 0x40, 0x10, 0x00, 0x00, 0x07, 0xe0, 0x00, 0x00, 0x01, 0x00, 0x00, 0x00, 0x07, 0xe0,
0x00, 0x00, 0x40, 0x15, 0x00, 0x00, 0x07, 0xe0, 0x04, 0x04, 0x10, 0x40, 0x00, 0x00, 0x07, 0xe0, 0x00, 0x00, 0x55, 0x00,
0x00, 0x00, 0x07, 0xe0, 0x00, 0x00, 0x54, 0x00, 0x00, 0x00, 0x07, 0xe0, 0x10, 0x10, 0x04, 0x01, 0x00, 0x00, 0x07, 0xe0,
0x01, 0x01, 0x04, 0x50, 0x00, 0x00, 0x07, 0xe0, 0x00, 0x00, 0x04, 0x04, 0x00, 0x00, 0x07, 0xe0, 0x00, 0x00, 0x10, 0x10,
0x00, 0x00, 0x07, 0xe0, 0x00, 0x00, 0x00, 0x01, 0x00, 0x00, 0x07, 0xe0, 0x10, 0x40, 0x40, 0x00, 0x00, 0x00, 0x07, 0xe0,
0x00, 0x00, 0x41, 0x41, 0x00, 0x00, 0x07, 0xe0, 0x00, 0x00, 0x01, 0x04, 0x00, 0x00, 0x07, 0xe0, 0x01, 0x01, 0x01, 0x00,
0x00, 0x00, 0x07, 0xe0, 0x00, 0x00, 0x00, 0x55, 0x00, 0x00, 0x07, 0xe0, 0x00, 0x00, 0x50, 0x04, 0x00, 0x00, 0x07, 0xe0,
0x00, 0x00, 0x04, 0x04, 0x00, 0x00, 0x07, 0xe0, 0x10, 0x10, 0x10, 0x40, 0x00, 0x00, 0x07, 0xe0, 0x00, 0x00, 0x00, 0x15,
0x00, 0x00, 0x07, 0xe0, 0x00, 0x00, 0x10, 0x10, 0x00, 0x00, 0x07, 0xe0, 0x00, 0x00, 0x55, 0x00, 0x00, 0x00, 0x07, 0xe0,
0x04, 0x10, 0x50, 0x00, 0x00, 0x00, 0x07, 0xe0, 0x10, 0x10, 0x04, 0x01, 0x00, 0x00, 0x07, 0xe0, 0x00, 0x00, 0x41, 0x00,
0x00, 0x00, 0x07, 0xe0, 0x00, 0x00, 0x55, 0x00, 0x00, 0x00, 0x07, 0xe0, 0x01, 0x01, 0x04, 0x50, 0x00, 0x00, 0x07, 0xe0,
0x04, 0x00, 0x04, 0x04, 0x00, 0x00, 0x07, 0xe0, 0x00, 0x00, 0x55, 0x00, 0x00, 0x01, 0x00, 0x00, 0x55, 0x55, 0x55, 0x55,
0x00, 0x00, 0x07, 0xe0, 0x10, 0x10, 0x10, 0x15, 0x00, 0x00, 0x07, 0xe0, 0x00, 0x00, 0x01, 0x54, 0x00, 0x01, 0x00, 0x00,
0x55, 0x55, 0x55, 0x55, 0x00, 0x01, 0x00, 0x00, 0x55, 0x55, 0x55, 0x55, 0x00, 0x00, 0x07, 0xe0, 0x41, 0x40, 0x00, 0x00,
0x00, 0x00, 0x07, 0xe0, 0x55, 0x10, 0x41, 0x41, 0x00, 0x01, 0x00, 0x00, 0x55, 0x55, 0x55, 0x55, 0x00, 0x01, 0x00, 0x00,
0x55, 0x55, 0x55, 0x55, 0x00, 0x00, 0x07, 0xe0, 0x54, 0x40, 0x00, 0x00, 0x00, 0x00, 0x07, 0xe0, 0x04, 0x01, 0x01, 0x00,
0x00, 0x01, 0x00, 0x00, 0x55, 0x55, 0x55, 0x55, 0x00, 0x01, 0x00, 0x00, 0x55, 0x55, 0x55, 0x55, 0x00, 0x00, 0x07, 0xe0,
0x00, 0x00, 0x40, 0x15, 0x00, 0x00, 0x07, 0xe0, 0x00, 0x00, 0x10, 0x40, 0x00, 0x01, 0x00, 0x00, 0x55, 0x55, 0x55, 0x55,
0x00, 0x01, 0x00, 0x00, 0x55, 0x55, 0x55, 0x55, 0x00, 0x00, 0x07, 0xe0, 0x00, 0x00, 0x00, 0x01, 0x00, 0x00, 0x07, 0xe0,
0x10, 0x40, 0x40, 0x00, 0x00, 0x01, 0x00, 0x00, 0x55, 0x55, 0x55, 0x55, 0x00, 0x01, 0x00, 0x00, 0x55, 0x55, 0x55, 0x55,
0x00, 0x00, 0x07, 0xe0, 0x40, 0x40, 0x40, 0x15, 0x00, 0x00, 0x07, 0xe0, 0x41, 0x41, 0x40, 0x00, 0x00, 0x01, 0x00, 0x00,
0x55, 0x55, 0x55, 0x55, 0x00, 0x01, 0x00, 0x00, 0x55, 0x55, 0x55, 0x55, 0x00, 0x00, 0x07, 0xe0, 0x00, 0x00, 0x40, 0x15,
0x00, 0x00, 0x07, 0xe0, 0x44, 0x10, 0x44, 0x01, 0x00, 0x01, 0x00, 0x00, 0x55, 0x55, 0x55, 0x55, 0x00, 0x01, 0x00, 0x00,
0x55, 0x55, 0x55, 0x55, 0x00, 0x00, 0x07, 0xe0, 0x04, 0x04, 0x04, 0x05, 0x00, 0x00, 0x07, 0xe0, 0x00, 0x00, 0x00, 0x55,
0x00, 0x01, 0x00, 0x00, 0x55, 0x55, 0x55, 0x55, 0x00, 0x01, 0x00, 0x00, 0x55, 0x55, 0x55, 0x55, 0x00, 0x00, 0x07, 0xe0,
0x04, 0x10, 0x50, 0x00, 0x00, 0x00, 0x07, 0xe0, 0x10, 0x10, 0x10, 0x15, 0x00, 0x01, 0x00, 0x00, 0x55, 0x55, 0x55, 0x55,
0x00, 0x01, 0x00, 0x00, 0x55, 0x55, 0x55, 0x55, 0x00, 0x00, 0x07, 0xe0, 0x00, 0x00, 0x00, 0x55, 0x00, 0x00, 0x07, 0xe0,
0x04, 0x04, 0x04, 0x04, 0x00, 0x01, 0x00, 0x00, 0x55, 0x55, 0x55, 0x55, 0x00, 0x01, 0x00, 0x00, 0x55, 0x55, 0x55, 0x55,
0x00, 0x01, 0x00, 0x00, 0x55, 0x55, 0x55, 0x55, 0x00, 0x00, 0x07, 0xe0, 0x01, 0x00, 0x00, 0x00, 0x00, 0x01, 0x00, 0x00,
0x55, 0x55, 0x55, 0x55, 0x00, 0x01, 0x00, 0x00, 0x55, 0x55, 0x55, 0x55, 0x00, 0x00, 0x07, 0xe0, 0x00, 0x40, 0x50, 0x05,
0x00, 0x00, 0x07, 0xe0, 0x01, 0x01, 0x01, 0x54, 0x00, 0x01, 0x00, 0x00, 0x55, 0x55, 0x55, 0x55, 0x00, 0x01, 0x00, 0x00,
0x55, 0x55, 0x55, 0x55, 0x00, 0x00, 0x07, 0xe0, 0x04, 0x04, 0x04, 0x04, 0x00, 0x01, 0x00, 0x00, 0x55, 0x55, 0x55, 0x55,
0x00, 0x01, 0x00, 0x00, 0x55, 0x55, 0x55, 0x55, 0x00, 0x01, 0x00, 0x00, 0x55, 0x55, 0x55, 0x55, 0x00, 0x00, 0x07, 0xe0,
0x10, 0x10, 0x10, 0x10, 0x00, 0x00, 0x07, 0xe0, 0x10, 0x10, 0x10, 0x54, 0x00, 0x01, 0x00, 0x00, 0x55, 0x55, 0x55, 0x55,
0x00, 0x01, 0x00, 0x00, 0x55, 0x55, 0x55, 0x55, 0x00, 0x00, 0x07, 0xe0, 0x04, 0x04, 0x04, 0x10, 0x00, 0x00, 0x07, 0xe0,
0x01, 0x00, 0x01, 0x01, 0x00, 0x01, 0x00, 0x00, 0x55, 0x55, 0x55, 0x55, 0x00, 0x01, 0x00, 0x00, 0x55, 0x55, 0x55, 0x55,
0x00, 0x01, 0x00, 0x00, 0x55, 0x55, 0x55, 0x55, 0x00, 0x00, 0x07, 0xe0, 0x00, 0x00, 0x00, 0x15, 0x00, 0x01, 0x00, 0x00,
0x55, 0x55, 0x55, 0x55, 0x00, 0x01, 0x00, 0x00, 0x55, 0x55, 0x55, 0x55, 0x00, 0x00, 0x07, 0xe0, 0x10, 0x10, 0x10, 0x40,
0x00, 0x00, 0x07, 0xe0, 0x40, 0x40, 0x40, 0x40, 0x00, 0x01, 0x00, 0x00, 0x55, 0x55, 0x55, 0x55, 0x00, 0x01, 0x00, 0x00,
0x55, 0x55, 0x55, 0x55, 0x00, 0x00, 0x07, 0xe0, 0x40, 0x10, 0x04, 0x01, 0x00, 0x01, 0x00, 0x00, 0x55, 0x55, 0x55, 0x55,
0x00, 0x01, 0x00, 0x00, 0x55, 0x55, 0x55, 0x55, 0x00, 0x01, 0x00, 0x00, 0x55, 0x55, 0x55, 0x55, 0x00, 0x00, 0x07, 0xe0,
0x10, 0x00, 0x00, 0x00, 0x00, 0x01, 0x00, 0x00, 0x55, 0x55, 0x55, 0x55, 0x00, 0x01, 0x00, 0x00, 0x55, 0x55, 0x55, 0x55,
0x00, 0x01, 0x00, 0x00, 0x55, 0x55, 0x55, 0x55, 0x00, 0x00, 0x07, 0xe0, 0x00, 0x00, 0x05, 0x00, 0x00, 0x00, 0x07, 0xe0,
0x04, 0x04, 0x55, 0x04, 0x00, 0x01, 0x00, 0x00, 0x55, 0x55, 0x55, 0x55, 0x00, 0x00, 0x07, 0xe0, 0x04, 0x04, 0x04, 0x00,
0x00, 0x00, 0x07, 0xe0, 0x00, 0x00, 0x54, 0x00, 0x00, 0x01, 0x00, 0x00, 0x55, 0x55, 0x55, 0x55, 0x00, 0x01, 0x00, 0x00,
0x55, 0x55, 0x55, 0x55, 0x00, 0x00, 0x07, 0xe0, 0x10, 0x10, 0x00, 0x00, 0x00, 0x00, 0x07, 0xe0, 0x05, 0x50, 0x50, 0x05,
0x00, 0x01, 0x00, 0x00, 0x55, 0x55, 0x55, 0x55, 0x00, 0x01, 0x00, 0x00, 0x55, 0x55, 0x55, 0x55, 0x00, 0x00, 0x07, 0xe0,
0x50, 0x05, 0x00, 0x00, 0x00, 0x01, 0x00, 0x00, 0x55, 0x55, 0x55, 0x55, 0x00, 0x00, 0x07, 0xe0, 0x05, 0x00, 0x00, 0x05,
0x00, 0x00, 0x07, 0xe0, 0x00, 0x05, 0x00, 0x00, 0x00, 0x00, 0x07, 0xe0, 0x50, 0x00, 0x00, 0x00, 0x00, 0x00, 0x07, 0xe0,
0x00, 0x50, 0x50, 0x00, 0x00, 0x00, 0x07, 0xe0, 0x04, 0x10, 0x40, 0x00, 0x00, 0x01, 0x00, 0x00, 0x55, 0x55, 0x55, 0x55,
0x00, 0x01, 0x00, 0x00, 0x55, 0x55, 0x55, 0x55, 0x00, 0x00, 0x07, 0xe0, 0x04, 0x01, 0x00, 0x00, 0x00, 0x00, 0x07, 0xe0,
0x00, 0x01, 0x40, 0x00, 0x00, 0x01, 0x00, 0x00, 0x55, 0x55, 0x55, 0x55, 0x00, 0x01, 0x00, 0x00, 0x55, 0x55, 0x55, 0x55,
0x00, 0x00, 0x07, 0xe0, 0x00, 0x55, 0x00, 0x00, 0x00, 0x00, 0x07, 0xe0, 0x00, 0x54, 0x00, 0x00, 0x00, 0x01, 0x00, 0x00,
0x55, 0x55, 0x55, 0x55, 0x00, 0x01, 0x00, 0x00, 0x55, 0x55, 0x55, 0x55, 0x00, 0x00, 0x07, 0xe0, 0x04, 0x10, 0x00, 0x00,
0x00, 0x00, 0x07, 0xe0, 0x10, 0x10, 0x00, 0x00, 0x00, 0x01, 0x00, 0x00, 0x55, 0x55, 0x55, 0x55, 0x00, 0x01, 0x00, 0x00,
0x55, 0x55, 0x55, 0x55, 0x00, 0x00, 0x07, 0xe0, 0x41, 0x41, 0x00, 0x00, 0x00, 0x00, 0x07, 0xe0, 0x04, 0x04, 0x00, 0x00,
0x00, 0x01, 0x00, 0x00, 0x55, 0x55, 0x55, 0x55, 0x00, 0x01, 0x00, 0x00, 0x55, 0x55, 0x55, 0x55, 0x00, 0x00, 0x07, 0xe0,
0x04, 0x01, 0x00, 0x00, 0x00, 0x00, 0x07, 0xe0, 0x04, 0x50, 0x00, 0x00, 0x00, 0x01, 0x00, 0x00, 0x55, 0x55, 0x55, 0x55,
0x00, 0x01, 0x00, 0x00, 0x55, 0x55, 0x55, 0x55, 0x00, 0x01, 0x00, 0x00, 0x55, 0x55, 0x55, 0x55, 0x00, 0x01, 0x00, 0x00,
0x55, 0x55, 0x55, 0x55, 0x00, 0x01, 0x00, 0x00, 0x55, 0x55, 0x55, 0x55, 0x00, 0x01, 0x00, 0x00, 0x55, 0x55, 0x55, 0x55,
0x00, 0x01, 0x00, 0x00, 0x55, 0x55, 0x55, 0x55, 0x00, 0x01, 0x00, 0x00, 0x55, 0x55, 0x55, 0x55, 0x00, 0x01, 0x00, 0x00,
0x55, 0x55, 0x55, 0x55, 0x00, 0x01, 0x00, 0x00, 0x55, 0x55, 0x55, 0x55, 0x00, 0x01, 0x00, 0x00, 0x55, 0x55, 0x55, 0x55,
0x00, 0x01, 0x00, 0x00, 0x55, 0x55, 0x55, 0x55, 0x00, 0x01, 0x00, 0x00, 0x55, 0x55, 0x55, 0x55, 0x00, 0x01, 0x00, 0x00,
0x55, 0x55, 0x55, 0x55, 0x00, 0x01, 0x00, 0x00, 0x55, 0x55, 0x55, 0x55, 0x00, 0x01, 0x00, 0x00, 0x55, 0x55, 0x55, 0x55,
0x00, 0x01, 0x00, 0x00, 0x55, 0x55, 0x55, 0x55, 0x00, 0x01, 0x00, 0x00, 0x55, 0x55, 0x55, 0x55, 0x00, 0x01, 0x00, 0x00,
0x55, 0x55, 0x55, 0x55, 0x00, 0x01, 0x00, 0x00, 0x55, 0x55, 0x55, 0x55, 0x00, 0x01, 0x00, 0x00, 0x55, 0x55, 0x55, 0x55,
0x00, 0x01, 0x00, 0x00, 0x55, 0x55, 0x55, 0x55, 0x00, 0x01, 0x00, 0x00, 0x55, 0x55, 0x55, 0x55, 0x00, 0x01, 0x00, 0x00,
0x55, 0x55, 0x55, 0x55, 0x00, 0x01, 0x00, 0x00, 0x55, 0x55, 0x55, 0x55, 0x00, 0x01, 0x00, 0x00, 0x55, 0x55, 0x55, 0x55,
0x00, 0x01, 0x00, 0x00, 0x55, 0x55, 0x55, 0x55, 0x00, 0x01, 0x00, 0x00, 0x55, 0x55, 0x55, 0x55, 0x00, 0x01, 0x00, 0x00,
0x55, 0x55, 0x55, 0x55, 0x00, 0x01, 0x00, 0x00, 0x55, 0x55, 0x55, 0x55, 0x00, 0x01, 0x00, 0x00, 0x55, 0x55, 0x55, 0x55,
0x00, 0x01, 0x00, 0x00, 0x55, 0x55, 0x55, 0x55, 0x00, 0x01, 0x00, 0x00, 0x55, 0x55, 0x55, 0x55, 0x00, 0x01, 0x00, 0x00,
0x55, 0x55, 0x55, 0x55, 0x00, 0x01, 0x00, 0x00, 0x55, 0x55, 0x55, 0x55, 0x00, 0x01, 0x00, 0x00, 0x55, 0x55, 0x55, 0x55,
0x00, 0x01, 0x00, 0x00, 0x55, 0x55, 0x55, 0x55, 0x00, 0x01, 0x00, 0x00, 0x55, 0x55, 0x55, 0x55, 0x00, 0x01, 0x00, 0x00,
0x55, 0x55, 0x55, 0x55, 0x00, 0x01, 0x00, 0x00, 0x55, 0x55, 0x55, 0x55, 0x00, 0x01, 0x00, 0x00, 0x55, 0x55, 0x55, 0x55,
0x00, 0x01, 0x00, 0x00, 0x55, 0x55, 0x55, 0x55, 0x00, 0x01, 0x00, 0x00, 0x55, 0x55, 0x55, 0x55, 0x00, 0x01, 0x00, 0x00,
0x55, 0x55, 0x55, 0x55, 0x00, 0x01, 0x00, 0x00, 0x55, 0x55, 0x55, 0x55, 0x00, 0x01, 0x00, 0x00, 0x55, 0x55, 0x55, 0x55,
0x00, 0x01, 0x00, 0x00, 0x55, 0x55, 0x55, 0x55, 0x00, 0x01, 0x00, 0x00, 0x55, 0x55, 0x55, 0x55, 0x00, 0x01, 0x00, 0x00,
0x55, 0x55, 0x55, 0x55, 0x00, 0x01, 0x00, 0x00, 0x55, 0x55, 0x55, 0x55, 0x00, 0x01, 0x00, 0x00, 0x55, 0x55, 0x55, 0x55,
0x00, 0x01, 0x00, 0x00, 0x55, 0x55, 0x55, 0x55, 0x00, 0x01, 0x00, 0x00, 0x55, 0x55, 0x55, 0x55, 0x00, 0x01, 0x00, 0x00,
0x55, 0x55, 0x55, 0x55, 0x00, 0x01, 0x00, 0x00, 0x55, 0x55, 0x55, 0x55, 0x00, 0x01, 0x00, 0x00, 0x55, 0x55, 0x55, 0x55,
0x00, 0x01, 0x00, 0x00, 0x55, 0x55, 0x55, 0x55, 0x00, 0x01, 0x00, 0x00, 0x55, 0x55, 0x55, 0x55, 0x00, 0x01, 0x00, 0x00,
0x55, 0x55, 0x55, 0x55, 0x00, 0x01, 0x00, 0x00, 0x55, 0x55, 0x55, 0x55, 0x00, 0x01, 0x00, 0x00, 0x55, 0x55, 0x55, 0x55,
0x00, 0x01, 0x00, 0x00, 0x55, 0x55, 0x55, 0x55, 0x00, 0x01, 0x00, 0x00, 0x55, 0x55, 0x55, 0x55, 0x00, 0x01, 0x00, 0x00,
0x55, 0x55, 0x55, 0x55, 0x00, 0x01, 0x00, 0x00, 0x55, 0x55, 0x55, 0x55, 0x00, 0x01, 0x00, 0x00, 0x55, 0x55, 0x55, 0x55,
0x00, 0x01, 0x00, 0x00, 0x55, 0x55, 0x55, 0x55, 0x00, 0x01, 0x00, 0x00, 0x55, 0x55, 0x55, 0x55, 0x00, 0x01, 0x00, 0x00,
0x55, 0x55, 0x55, 0x55, 0x00, 0x01, 0x00, 0x00, 0x55, 0x55, 0x55, 0x55, 0x00, 0x01, 0x00, 0x00, 0x55, 0x55, 0x55, 0x55,
0x00, 0x01, 0x00, 0x00, 0x55, 0x55, 0x55, 0x55, 0x00, 0x01, 0x00, 0x00, 0x55, 0x55, 0x55, 0x55, 0x00, 0x01, 0x00, 0x00,
0x55, 0x55, 0x55, 0x55, 0x00, 0x01, 0x00, 0x00, 0x55, 0x55, 0x55, 0x55, 0x00, 0x01, 0x00, 0x00, 0x55, 0x55, 0x55, 0x55,
0x00, 0x01, 0x00, 0x00, 0x55, 0x55, 0x55, 0x55, 0x00, 0x01, 0x00, 0x00, 0x55, 0x55, 0x55, 0x55, 0x00, 0x01, 0x00, 0x00,
0x55, 0x55, 0x55, 0x55, 0x00, 0x01, 0x00, 0x00, 0x55, 0x55, 0x55, 0x55, 0x00, 0x01, 0x00, 0x00, 0x55, 0x55, 0x55, 0x55,
0x00, 0x01, 0x00, 0x00, 0x55, 0x55, 0x55, 0x55, 0x00, 0x01, 0x00, 0x00, 0x55, 0x55, 0x55, 0x55, 0x00, 0x01, 0x00, 0x00,
0x55, 0x55, 0x55, 0x55, 0x00, 0x01, 0x00, 0x00, 0x55, 0x55, 0x55, 0x55, 0x00, 0x01, 0x00, 0x00, 0x55, 0x55, 0x55, 0x55,
0x00, 0x01, 0x00, 0x00, 0x55, 0x55, 0x55, 0x55, 0x00, 0x01, 0x00, 0x00, 0x55, 0x55, 0x55, 0x55, 0x00, 0x01, 0x00, 0x00,
0x55, 0x55, 0x55, 0x55, 0x00, 0x01, 0x00, 0x00, 0x55, 0x55, 0x55, 0x55, 0x00, 0x01, 0x00, 0x00, 0x55, 0x55, 0x55, 0x55,
0x00, 0x01, 0x00, 0x00, 0x55, 0x55, 0x55, 0x55, 0x00, 0x01, 0x00, 0x00, 0x55, 0x55, 0x55, 0x55, 0x00, 0x01, 0x00, 0x00,
0x55, 0x55, 0x55, 0x55, 0x00, 0x01, 0x00, 0x00, 0x55, 0x55, 0x55, 0x55, 0x00, 0x01, 0x00, 0x00, 0x55, 0x55, 0x55, 0x55,
0x00, 0x01, 0x00, 0x00, 0x55, 0x55, 0x55, 0x55, 0x00, 0x01, 0x00, 0x00, 0x55, 0x55, 0x55, 0x55, 0x00, 0x01, 0x00, 0x00,
0x55, 0x55, 0x55, 0x55, 0x00, 0x01, 0x00, 0x00, 0x55, 0x55, 0x55, 0x55, 0x00, 0x01, 0x00, 0x00, 0x55, 0x55, 0x55, 0x55,
0x00, 0x01, 0x00, 0x00, 0x55, 0x55, 0x55, 0x55, 0x00, 0x01, 0x00, 0x00, 0x55, 0x55, 0x55, 0x55, 0x00, 0x01, 0x00, 0x00,
0x55, 0x55, 0x55, 0x55, 0x00, 0x01, 0x00, 0x00, 0x55, 0x55, 0x55, 0x55, 0x00, 0x01, 0x00, 0x00, 0x55, 0x55, 0x55, 0x55,
0x00, 0x01, 0x00, 0x00, 0x55, 0x55, 0x55, 0x55, 0x00, 0x01, 0x00, 0x00, 0x55, 0x55, 0x55, 0x55, 0x00, 0x01, 0x00, 0x00,
0x55, 0x55, 0x55, 0x55, 0x00, 0x01, 0x00, 0x00, 0x55, 0x55, 0x55, 0x55, 0x00, 0x01, 0x00, 0x00, 0x55, 0x55, 0x55, 0x55,
0x00, 0x01, 0x00, 0x00, 0x55, 0x55, 0x55, 0x55, 0x00, 0x01, 0x00, 0x00, 0x55, 0x55, 0x55, 0x55, 0x00, 0x01, 0x00, 0x00,
0x55, 0x55, 0x55, 0x55, 0x00, 0x01, 0x00, 0x00, 0x55, 0x55, 0x55, 0x55, 0x00, 0x01, 0x00, 0x00, 0x55, 0x55, 0x55, 0x55,
0x00, 0x01, 0x00, 0x00, 0x55, 0x55, 0x55, 0x55, 0x00, 0x01, 0x00, 0x00, 0x55, 0x55, 0x55, 0x55, 0x00, 0x01, 0x00, 0x00,
0x55, 0x55, 0x55, 0x55, 0x00, 0x01, 0x00, 0x00, 0x55, 0x55, 0x55, 0x55, 0x00, 0x01, 0x00, 0x00, 0x55, 0x55, 0x55, 0x55,
0x00, 0x01, 0x00, 0x00, 0x55, 0x55, 0x55, 0x55, 0x00, 0x01, 0x00, 0x00, 0x55, 0x55, 0x55, 0x55, 0x00, 0x01, 0x00, 0x00,
0x55, 0x55, 0x55, 0x55, 0x00, 0x01, 0x00, 0x00, 0x55, 0x55, 0x55, 0x55, 0x00, 0x01, 0x00, 0x00, 0x55, 0x55, 0x55, 0x55,
0x00, 0x01, 0x00, 0x00, 0x55, 0x55, 0x55, 0x55, 0x00, 0x01, 0x00, 0x00, 0x55, 0x55, 0x55, 0x55, 0x00, 0x01, 0x00, 0x00,
0x55, 0x55, 0x55, 0x55, 0x00, 0x01, 0x00, 0x00, 0x55, 0x55, 0x55, 0x55, 0x00, 0x01, 0x00, 0x00, 0x55, 0x55, 0x55, 0x55,
0x00, 0x01, 0x00, 0x00, 0x55, 0x55, 0x55, 0x55, 0x00, 0x01, 0x00, 0x00, 0x55, 0x55, 0x55, 0x55, 0x00, 0x01, 0x00, 0x00,
0x55, 0x55, 0x55, 0x55, 0x00, 0x01, 0x00, 0x00, 0x55, 0x55, 0x55, 0x55, 0x00, 0x01, 0x00, 0x00, 0x55, 0x55, 0x55, 0x55,
0x00, 0x01, 0x00, 0x00, 0x55, 0x55, 0x55, 0x55, 0x00, 0x01, 0x00, 0x00, 0x55, 0x55, 0x55, 0x55, 0x00, 0x01, 0x00, 0x00,
0x55, 0x55, 0x55, 0x55, 0x00, 0x01, 0x00, 0x00, 0x55, 0x55, 0x55, 0x55, 0x00, 0x01, 0x00, 0x00, 0x55, 0x55, 0x55, 0x55,
0x00, 0x01, 0x00, 0x00, 0x55, 0x55, 0x55, 0x55, 0x00, 0x01, 0x00, 0x00, 0x55, 0x55, 0x55, 0x55, 0x00, 0x01, 0x00, 0x00,
0x55, 0x55, 0x55, 0x55, 0x00, 0x01, 0x00, 0x00, 0x55, 0x55, 0x55, 0x55, 0x00, 0x01, 0x00, 0x00, 0x55, 0x55, 0x55, 0x55,
0x00, 0x01, 0x00, 0x00, 0x55, 0x55, 0x55, 0x55, 0x00, 0x01, 0x00, 0x00, 0x55, 0x55, 0x55, 0x55, 0x00, 0x01, 0x00, 0x00,
0x55, 0x55, 0x55, 0x55, 0x00, 0x01, 0x00, 0x00, 0x55, 0x55, 0x55, 0x55, 0x00, 0x01, 0x00, 0x00, 0x55, 0x55, 0x55, 0x55,
0x00, 0x01, 0x00, 0x00, 0x55, 0x55, 0x55, 0x55, 0x00, 0x01, 0x00, 0x00, 0x55, 0x55, 0x55, 0x55, 0x00, 0x01, 0x00, 0x00,
0x55, 0x55, 0x55, 0x55, 0x00, 0x01, 0x00, 0x00, 0x55, 0x55, 0x55, 0x55, 0x00, 0x01, 0x00, 0x00, 0x55, 0x55, 0x55, 0x55,
0x00, 0x01, 0x00, 0x00, 0x55, 0x55, 0x55, 0x55, 0x00, 0x01, 0x00, 0x00, 0x55, 0x55, 0x55, 0x55, 0x00, 0x01, 0x00, 0x00,
0x55, 0x55, 0x55, 0x55, 0x00, 0x01, 0x00, 0x00, 0x55, 0x55, 0x55, 0x55, 0x00, 0x01, 0x00, 0x00, 0x55, 0x55, 0x55, 0x55,
0x00, 0x01, 0x00, 0x00, 0x55, 0x55, 0x55, 0x55, 0x00, 0x01, 0x00, 0x00, 0x55, 0x55, 0x55, 0x55, 0x00, 0x01, 0x00, 0x00,
0x55, 0x55, 0x55, 0x55, 0x00, 0x01, 0x00, 0x00, 0x55, 0x55, 0x55, 0x55, 0x00, 0x01, 0x00, 0x00, 0x55, 0x55, 0x55, 0x55,
0x00, 0x01, 0x00, 0x00, 0x55, 0x55, 0x55, 0x55, 0x00, 0x01, 0x00, 0x00, 0x55, 0x55, 0x55, 0x55, 0x00, 0x01, 0x00, 0x00,
0x55, 0x55, 0x55, 0x55, 0x00, 0x01, 0x00, 0x00, 0x55, 0x55, 0x55, 0x55, 0x00, 0x01, 0x00, 0x00, 0x55, 0x55, 0x55, 0x55,
0x00, 0x01, 0x00, 0x00, 0x55, 0x55, 0x55, 0x55, 0x00, 0x01, 0x00, 0x00, 0x55, 0x55, 0x55, 0x55, 0x00, 0x01, 0x00, 0x00,
0x55, 0x55, 0x55, 0x55, 0x00, 0x01, 0x00, 0x00, 0x55, 0x55, 0x55, 0x55, 0x00, 0x01, 0x00, 0x00, 0x55, 0x55, 0x55, 0x55,
0x00, 0x01, 0x00, 0x00, 0x55, 0x55, 0x55, 0x55, 0x00, 0x01, 0x00, 0x00, 0x55, 0x55, 0x55, 0x55, 0x00, 0x01, 0x00, 0x00,
0x55, 0x55, 0x55, 0x55, 0x00, 0x01, 0x00, 0x00, 0x55, 0x55, 0x55, 0x55, 0x00, 0x01, 0x00, 0x00, 0x55, 0x55, 0x55, 0x55,
0x00, 0x01, 0x00, 0x00, 0x55, 0x55, 0x55, 0x55, 0x00, 0x01, 0x00, 0x00, 0x55, 0x55, 0x55, 0x55, 0x00, 0x01, 0x00, 0x00,
0x55, 0x55, 0x55, 0x55, 0x00, 0x01, 0x00, 0x00, 0x55, 0x55, 0x55, 0x55, 0x00, 0x01, 0x00, 0x00, 0x55, 0x55, 0x55, 0x55,
0x00, 0x01, 0x00, 0x00, 0x55, 0x55, 0x55, 0x55, 0x00, 0x01, 0x00, 0x00, 0x55, 0x55, 0x55, 0x55, 0x00, 0x01, 0x00, 0x00,
0x55, 0x55, 0x55, 0x55, 0x00, 0x01, 0x00, 0x00, 0x55, 0x55, 0x55, 0x55, 0x00, 0x01, 0x00, 0x00, 0x55, 0x55, 0x55, 0x55,
0x00, 0x01, 0x00, 0x00, 0x55, 0x55, 0x55, 0x55, 0x00, 0x01, 0x00, 0x00, 0x55, 0x55, 0x55, 0x55, 0x00, 0x01, 0x00, 0x00,
0x55, 0x55, 0x55, 0x55, 0x00, 0x01, 0x00, 0x00, 0x55, 0x55, 0x55, 0x55, 0x00, 0x01, 0x00, 0x00, 0x55, 0x55, 0x55, 0x55,
0x00, 0x01, 0x00, 0x00, 0x55, 0x55, 0x55, 0x55, 0x00, 0x01, 0x00, 0x00, 0x55, 0x55, 0x55, 0x55, 0x00, 0x01, 0x00, 0x00,
0x55, 0x55, 0x55, 0x55, 0x00, 0x01, 0x00, 0x00, 0x55, 0x55, 0x55, 0x55, 0x00, 0x01, 0x00, 0x00, 0x55, 0x55, 0x55, 0x55,
0x00, 0x01, 0x00, 0x00, 0x55, 0x55, 0x55, 0x55, 0x00, 0x01, 0x00, 0x00, 0x55, 0x55, 0x55, 0x55, 0x00, 0x01, 0x00, 0x00,
0x55, 0x55, 0x55, 0x55, 0x00, 0x01, 0x00, 0x00, 0x55, 0x55, 0x55, 0x55, 0x00, 0x01, 0x00, 0x00, 0x55, 0x55, 0x55, 0x55,
0x00, 0x01, 0x00, 0x00, 0x55, 0x55, 0x55, 0x55, 0x00, 0x01, 0x00, 0x00, 0x55, 0x55, 0x55, 0x55, 0x00, 0x01, 0x00, 0x00,
0x55, 0x55, 0x55, 0x55, 0x00, 0x01, 0x00, 0x00, 0x55, 0x55, 0x55, 0x55, 0x00, 0x01, 0x00, 0x00, 0x55, 0x55, 0x55, 0x55,
0x00, 0x01, 0x00, 0x00, 0x55, 0x55, 0x55, 0x55, 0x00, 0x01, 0x00, 0x00, 0x55, 0x55, 0x55, 0x55, 0x00, 0x01, 0x00, 0x00,
0x55, 0x55, 0x55, 0x55, 0x00, 0x01, 0x00, 0x00, 0x55, 0x55, 0x55, 0x55, 0x00, 0x01, 0x00, 0x00, 0x55, 0x55, 0x55, 0x55,
0x00, 0x01, 0x00, 0x00, 0x55, 0x55, 0x55, 0x55, 0x00, 0x01, 0x00, 0x00, 0x55, 0x55, 0x55, 0x55, 0x00, 0x01, 0x00, 0x00,
0x55, 0x55, 0x55, 0x55, 0x00, 0x01, 0x00, 0x00, 0x55, 0x55, 0x55, 0x55, 0x00, 0x01, 0x00, 0x00, 0x55, 0x55, 0x55, 0x55,
0x00, 0x01, 0x00, 0x00, 0x55, 0x55, 0x55, 0x55, 0x00, 0x01, 0x00, 0x00, 0x55, 0x55, 0x55, 0x55, 0x00, 0x01, 0x00, 0x00,
0x55, 0x55, 0x55, 0x55, 0x00, 0x01, 0x00, 0x00, 0x55, 0x55, 0x55, 0x55, 0x00, 0x01, 0x00, 0x00, 0x55, 0x55, 0x55, 0x55,
0x00, 0x01, 0x00, 0x00, 0x55, 0x55, 0x55, 0x55, 0x00, 0x01, 0x00, 0x00, 0x55, 0x55, 0x55, 0x55, 0x00, 0x01, 0x00, 0x00,
0x55, 0x55, 0x55, 0x55, 0x00, 0x01, 0x00, 0x00, 0x55, 0x55, 0x55, 0x55, 0x00, 0x01, 0x00, 0x00, 0x55, 0x55, 0x55, 0x55,
0x00, 0x01, 0x00, 0x00, 0x55, 0x55, 0x55, 0x55, 0x00, 0x01, 0x00, 0x00, 0x55, 0x55, 0x55, 0x55, 0x00, 0x01, 0x00, 0x00,
0x55, 0x55, 0x55, 0x55, 0x00, 0x01, 0x00, 0x00, 0x55, 0x55, 0x55, 0x55, 0x00, 0x01, 0x00, 0x00, 0x55, 0x55, 0x55, 0x55,
0x00, 0x01, 0x00, 0x00, 0x55, 0x55, 0x55, 0x55, 0x00, 0x01, 0x00, 0x00, 0x55, 0x55, 0x55, 0x55, 0x00, 0x01, 0x00, 0x00,
0x55, 0x55, 0x55, 0x55, 0x00, 0x01, 0x00, 0x00, 0x55, 0x55, 0x55, 0x55, 0x00, 0x01, 0x00, 0x00, 0x55, 0x55, 0x55, 0x55,
0x00, 0x01, 0x00, 0x00, 0x55, 0x55, 0x55, 0x55, 0x00, 0x01, 0x00, 0x00, 0x55, 0x55, 0x55, 0x55, 0x00, 0x01, 0x00, 0x00,
0x55, 0x55, 0x55, 0x55, 0x00, 0x01, 0x00, 0x00, 0x55, 0x55, 0x55, 0x55, 0x00, 0x01, 0x00, 0x00, 0x55, 0x55, 0x55, 0x55,
0x00, 0x01, 0x00, 0x00, 0x55, 0x55, 0x55, 0x55, 0x00, 0x01, 0x00, 0x00, 0x55, 0x55, 0x55, 0x55, 0x00, 0x01, 0x00, 0x00,
0x55, 0x55, 0x55, 0x55, 0x00, 0x01, 0x00, 0x00, 0x55, 0x55, 0x55, 0x55, 0x00, 0x01, 0x00, 0x00, 0x55, 0x55, 0x55, 0x55,
0x00, 0x01, 0x00, 0x00, 0x55, 0x55, 0x55, 0x55, 0x00, 0x01, 0x00, 0x00, 0x55, 0x55, 0x55, 0x55, 0x00, 0x01, 0x00, 0x00,
0x55, 0x55, 0x55, 0x55, 0x00, 0x01, 0x00, 0x00, 0x55, 0x55, 0x55, 0x55, 0x00, 0x01, 0x00, 0x00, 0x55, 0x55, 0x55, 0x55,
0x00, 0x01, 0x00, 0x00, 0x55, 0x55, 0x55, 0x55, 0x00, 0x01, 0x00, 0x00, 0x55, 0x55, 0x55, 0x55, 0x00, 0x01, 0x00, 0x00,
0x55, 0x55, 0x55, 0x55, 0x00, 0x01, 0x00, 0x00, 0x55, 0x55, 0x55, 0x55, 0x00, 0x01, 0x00, 0x00, 0x55, 0x55, 0x55, 0x55,
0x00, 0x01, 0x00, 0x00, 0x55, 0x55, 0x55, 0x55, 0x00, 0x01, 0x00, 0x00, 0x55, 0x55, 0x55, 0x55, 0x00, 0x01, 0x00, 0x00,
0x55, 0x55, 0x55, 0x55, 0x00, 0x01, 0x00, 0x00, 0x55, 0x55, 0x55, 0x55, 0x00, 0x01, 0x00, 0x00, 0x55, 0x55, 0x55, 0x55,
0x00, 0x01, 0x00, 0x00, 0x55, 0x55, 0x55, 0x55, 0x00, 0x01, 0x00, 0x00, 0x55, 0x55, 0x55, 0x55, 0x00, 0x01, 0x00, 0x00,
0x55, 0x55, 0x55, 0x55, 0x00, 0x01, 0x00, 0x00, 0x55, 0x55, 0x55, 0x55, 0x00, 0x01, 0x00, 0x00, 0x55, 0x55, 0x55, 0x55,
0x00, 0x01, 0x00, 0x00, 0x55, 0x55, 0x55, 0x55, 0x00, 0x01, 0x00, 0x00, 0x55, 0x55, 0x55, 0x55, 0x00, 0x01, 0x00, 0x00,
0x55, 0x55, 0x55, 0x55, 0x00, 0x01, 0x00, 0x00, 0x55, 0x55, 0x55, 0x55, 0x00, 0x01, 0x00, 0x00, 0x55, 0x55, 0x55, 0x55,
0x00, 0x01, 0x00, 0x00, 0x55, 0x55, 0x55, 0x55, 0x00, 0x01, 0x00, 0x00, 0x55, 0x55, 0x55, 0x55, 0x00, 0x01, 0x00, 0x00,
0x55, 0x55, 0x55, 0x55, 0x00, 0x01, 0x00, 0x00, 0x55, 0x55, 0x55, 0x55, 0x00, 0x01, 0x00, 0x00, 0x55, 0x55, 0x55, 0x55,
0x00, 0x01, 0x00, 0x00, 0x55, 0x55, 0x55, 0x55, 0x00, 0x01, 0x00, 0x00, 0x55, 0x55, 0x55, 0x55, 0x00, 0x01, 0x00, 0x00,
0x55, 0x55, 0x55, 0x55, 0x00, 0x01, 0x00, 0x00, 0x55, 0x55, 0x55, 0x55, 0x00, 0x01, 0x00, 0x00, 0x55, 0x55, 0x55, 0x55,
0x00, 0x01, 0x00, 0x00, 0x55, 0x55, 0x55, 0x55, 0x00, 0x01, 0x00, 0x00, 0x55, 0x55, 0x55, 0x55, 0x00, 0x01, 0x00, 0x00,
0x55, 0x55, 0x55, 0x55, 0x00, 0x01, 0x00, 0x00, 0x55, 0x55, 0x55, 0x55, 0x00, 0x01, 0x00, 0x00, 0x55, 0x55, 0x55, 0x55,
0x00, 0x01, 0x00, 0x00, 0x55, 0x55, 0x55, 0x55, 0x00, 0x01, 0x00, 0x00, 0x55, 0x55, 0x55, 0x55, 0x00, 0x01, 0x00, 0x00,
0x55, 0x55, 0x55, 0x55, 0x00, 0x01, 0x00, 0x00, 0x55, 0x55, 0x55, 0x55, 0x00, 0x01, 0x00, 0x00, 0x55, 0x55, 0x55, 0x55,
0x00, 0x01, 0x00, 0x00, 0x55, 0x55, 0x55, 0x55, 0x00, 0x01, 0x00, 0x00, 0x55, 0x55, 0x55, 0x55, 0x00, 0x01, 0x00, 0x00,
0x55, 0x55, 0x55, 0x55, 0x00, 0x01, 0x00, 0x00, 0x55, 0x55, 0x55, 0x55, 0x00, 0x01, 0x00, 0x00, 0x55, 0x55, 0x55, 0x55,
0x00, 0x01, 0x00, 0x00, 0x55, 0x55, 0x55, 0x55, 0x00, 0x01, 0x00, 0x00, 0x55, 0x55, 0x55, 0x55, 0x00, 0x01, 0x00, 0x00,
0x55, 0x55, 0x55, 0x55, 0x00, 0x01, 0x00, 0x00, 0x55, 0x55, 0x55, 0x55, 0x00, 0x01, 0x00, 0x00, 0x55, 0x55, 0x55, 0x55,
0x00, 0x01, 0x00, 0x00, 0x55, 0x55, 0x55, 0x55, 0x00, 0x01, 0x00, 0x00, 0x55, 0x55, 0x55, 0x55, 0x00, 0x01, 0x00, 0x00,
0x55, 0x55, 0x55, 0x55, 0x00, 0x01, 0x00, 0x00, 0x55, 0x55, 0x55, 0x55, 0x00, 0x01, 0x00, 0x00, 0x55, 0x55, 0x55, 0x55,
0x00, 0x01, 0x00, 0x00, 0x55, 0x55, 0x55, 0x55, 0x00, 0x01, 0x00, 0x00, 0x55, 0x55, 0x55, 0x55, 0x00, 0x01, 0x00, 0x00,
0x55, 0x55, 0x55, 0x55, 0x00, 0x01, 0x00, 0x00, 0x55, 0x55, 0x55, 0x55, 0x00, 0x01, 0x00, 0x00, 0x55, 0x55, 0x55, 0x55,
0x00, 0x01, 0x00, 0x00, 0x55, 0x55, 0x55, 0x55, 0x00, 0x01, 0x00, 0x00, 0x55, 0x55, 0x55, 0x55, 0x00, 0x01, 0x00, 0x00,
0x55, 0x55, 0x55, 0x55, 0x00, 0x01, 0x00, 0x00, 0x55, 0x55, 0x55, 0x55, 0x00, 0x01, 0x00, 0x00, 0x55, 0x55, 0x55, 0x55,
0x00, 0x01, 0x00, 0x00, 0x55, 0x55, 0x55, 0x55, 0x00, 0x01, 0x00, 0x00, 0x55, 0x55, 0x55, 0x55, 0x00, 0x01, 0x00, 0x00,
0x55, 0x55, 0x55, 0x55, 0x00, 0x01, 0x00, 0x00, 0x55, 0x55, 0x55, 0x55, 0x00, 0x01, 0x00, 0x00, 0x55, 0x55, 0x55, 0x55,
0x00, 0x01, 0x00, 0x00, 0x55, 0x55, 0x55, 0x55, 0x00, 0x01, 0x00, 0x00, 0x55, 0x55, 0x55, 0x55, 0x00, 0x01, 0x00, 0x00,
0x55, 0x55, 0x55, 0x55, 0x00, 0x01, 0x00, 0x00, 0x55, 0x55, 0x55, 0x55, 0x00, 0x01, 0x00, 0x00, 0x55, 0x55, 0x55, 0x55,
0x00, 0x01, 0x00, 0x00, 0x55, 0x55, 0x55, 0x55, 0x00, 0x01, 0x00, 0x00, 0x55, 0x55, 0x55, 0x55, 0x00, 0x01, 0x00, 0x00,
0x55, 0x55, 0x55, 0x55, 0x00, 0x01, 0x00, 0x00, 0x55, 0x55, 0x55, 0x55, 0x00, 0x01, 0x00, 0x00, 0x55, 0x55, 0x55, 0x55,
0x00, 0x01, 0x00, 0x00, 0x55, 0x55, 0x55, 0x55, 0x00, 0x01, 0x00, 0x00, 0x55, 0x55, 0x55, 0x55, 0x00, 0x01, 0x00, 0x00,
0x55, 0x55, 0x55, 0x55, 0x00, 0x01, 0x00, 0x00, 0x55, 0x55, 0x55, 0x55, 0x00, 0x01, 0x00, 0x00, 0x55, 0x55, 0x55, 0x55,
0x00, 0x01, 0x00, 0x00, 0x55, 0x55, 0x55, 0x55, 0x00, 0x01, 0x00, 0x00, 0x55, 0x55, 0x55, 0x55, 0x00, 0x01, 0x00, 0x00,
0x55, 0x55, 0x55, 0x55, 0x00, 0x01, 0x00, 0x00, 0x55, 0x55, 0x55, 0x55, 0x00, 0x01, 0x00, 0x00, 0x55, 0x55, 0x55, 0x55,
0x00, 0x01, 0x00, 0x00, 0x55, 0x55, 0x55, 0x55, 0x00, 0x01, 0x00, 0x00, 0x55, 0x55, 0x55, 0x55, 0x00, 0x01, 0x00, 0x00,
0x55, 0x55, 0x55, 0x55, 0x00, 0x01, 0x00, 0x00, 0x55, 0x55, 0x55, 0x55, 0x00, 0x01, 0x00, 0x00, 0x55, 0x55, 0x55, 0x55,
0x00, 0x01, 0x00, 0x00, 0x55, 0x55, 0x55, 0x55, 0x00, 0x01, 0x00, 0x00, 0x55, 0x55, 0x55, 0x55, 0x00, 0x01, 0x00, 0x00,
0x55, 0x55, 0x55, 0x55, 0x00, 0x01, 0x00, 0x00, 0x55, 0x55, 0x55, 0x55, 0x00, 0x01, 0x00, 0x00, 0x55, 0x55, 0x55, 0x55,
0x00, 0x01, 0x00, 0x00, 0x55, 0x55, 0x55, 0x55, 0x00, 0x01, 0x00, 0x00, 0x55, 0x55, 0x55, 0x55, 0x00, 0x01, 0x00, 0x00,
0x55, 0x55, 0x55, 0x55, 0x00, 0x01, 0x00, 0x00, 0x55, 0x55, 0x55, 0x55, 0x00, 0x01, 0x00, 0x00, 0x55, 0x55, 0x55, 0x55,
0x00, 0x01, 0x00, 0x00, 0x55, 0x55, 0x55, 0x55, 0x00, 0x01, 0x00, 0x00, 0x55, 0x55, 0x55, 0x55, 0x00, 0x01, 0x00, 0x00,
0x55, 0x55, 0x55, 0x55, 0x00, 0x01, 0x00, 0x00, 0x55, 0x55, 0x55, 0x55, 0x00, 0x01, 0x00, 0x00, 0x55, 0x55, 0x55, 0x55,
0x00, 0x01, 0x00, 0x00, 0x55, 0x55, 0x55, 0x55, 0x00, 0x01, 0x00, 0x00, 0x55, 0x55, 0x55, 0x55, 0x00, 0x01, 0x00, 0x00,
0x55, 0x55, 0x55, 0x55, 0x00, 0x01, 0x00, 0x00, 0x55, 0x55, 0x55, 0x55, 0x00, 0x01, 0x00, 0x00, 0x55, 0x55, 0x55, 0x55,
0x00, 0x01, 0x00, 0x00, 0x55, 0x55, 0x55, 0x55, 0x00, 0x01, 0x00, 0x00, 0x55, 0x55, 0x55, 0x55, 0x00, 0x01, 0x00, 0x00,
0x55, 0x55, 0x55, 0x55, 0x00, 0x01, 0x00, 0x00, 0x55, 0x55, 0x55, 0x55, 0x00, 0x01, 0x00, 0x00, 0x55, 0x55, 0x55, 0x55,
0x00, 0x01, 0x00, 0x00, 0x55, 0x55, 0x55, 0x55, 0x00, 0x01, 0x00, 0x00, 0x55, 0x55, 0x55, 0x55, 0x00, 0x01, 0x00, 0x00,
0x55, 0x55, 0x55, 0x55, 0x00, 0x01, 0x00, 0x00, 0x55, 0x55, 0x55, 0x55, 0x00, 0x01, 0x00, 0x00, 0x55, 0x55, 0x55, 0x55,
0x00, 0x01, 0x00, 0x00, 0x55, 0x55, 0x55, 0x55, 0x00, 0x01, 0x00, 0x00, 0x55, 0x55, 0x55, 0x55, 0x00, 0x01, 0x00, 0x00,
0x55, 0x55, 0x55, 0x55, 0x00, 0x01, 0x00, 0x00, 0x55, 0x55, 0x55, 0x55, 0x00, 0x01, 0x00, 0x00, 0x55, 0x55, 0x55, 0x55,
0x00, 0x01, 0x00, 0x00, 0x55, 0x55, 0x55, 0x55, 0x00, 0x01, 0x00, 0x00, 0x55, 0x55, 0x55, 0x55, 0x00, 0x01, 0x00, 0x00,
0x55, 0x55, 0x55, 0x55, 0x00, 0x01, 0x00, 0x00, 0x55, 0x55, 0x55, 0x55, 0x00, 0x01, 0x00, 0x00, 0x55, 0x55, 0x55, 0x55,
0x00, 0x01, 0x00, 0x00, 0x55, 0x55, 0x55, 0x55, 0x00, 0x01, 0x00, 0x00, 0x55, 0x55, 0x55, 0x55, 0x00, 0x01, 0x00, 0x00,
0x55, 0x55, 0x55, 0x55, 0x00, 0x01, 0x00, 0x00, 0x55, 0x55, 0x55, 0x55, 0x00, 0x01, 0x00, 0x00, 0x55, 0x55, 0x55, 0x55,
0x00, 0x01, 0x00, 0x00, 0x55, 0x55, 0x55, 0x55, 0x00, 0x01, 0x00, 0x00, 0x55, 0x55, 0x55, 0x55, 0x00, 0x01, 0x00, 0x00,
0x55, 0x55, 0x55, 0x55, 0x00, 0x01, 0x00, 0x00, 0x55, 0x55, 0x55, 0x55, 0x00, 0x01, 0x00, 0x00, 0x55, 0x55, 0x55, 0x55,
0x00, 0x01, 0x00, 0x00, 0x55, 0x55, 0x55, 0x55, 0x00, 0x01, 0x00, 0x00, 0x55, 0x55, 0x55, 0x55, 0x00, 0x01, 0x00, 0x00,
0x55, 0x55, 0x55, 0x55, 0x00, 0x01, 0x00, 0x00, 0x55, 0x55, 0x55, 0x55, 0x00, 0x01, 0x00, 0x00, 0x55, 0x55, 0x55, 0x55,
0x00, 0x01, 0x00, 0x00, 0x55, 0x55, 0x55, 0x55, 0x00, 0x01, 0x00, 0x00, 0x55, 0x55, 0x55, 0x55, 0x00, 0x01, 0x00, 0x00,
0x55, 0x55, 0x55, 0x55, 0x00, 0x01, 0x00, 0x00, 0x55, 0x55, 0x55, 0x55, 0x00, 0x01, 0x00, 0x00, 0x55, 0x55, 0x55, 0x55,
0x00, 0x01, 0x00, 0x00, 0x55, 0x55, 0x55, 0x55, 0x00, 0x01, 0x00, 0x00, 0x55, 0x55, 0x55, 0x55, 0x00, 0x01, 0x00, 0x00,
0x55, 0x55, 0x55, 0x55, 0x00, 0x01, 0x00, 0x00, 0x55, 0x55, 0x55, 0x55, 0x00, 0x01, 0x00, 0x00, 0x55, 0x55, 0x55, 0x55,
0x00, 0x01, 0x00, 0x00, 0x55, 0x55, 0x55, 0x55, 0x00, 0x01, 0x00, 0x00, 0x55, 0x55, 0x55, 0x55, 0x00, 0x01, 0x00, 0x00,
0x55, 0x55, 0x55, 0x55, 0x00, 0x01, 0x00, 0x00, 0x55, 0x55, 0x55, 0x55, 0x00, 0x01, 0x00, 0x00, 0x55, 0x55, 0x55, 0x55,
0x00, 0x01, 0x00, 0x00, 0x55, 0x55, 0x55, 0x55, 0x00, 0x01, 0x00, 0x00, 0x55, 0x55, 0x55, 0x55, 0x00, 0x01, 0x00, 0x00,
0x55, 0x55, 0x55, 0x55, 0x00, 0x01, 0x00, 0x00, 0x55, 0x55, 0x55, 0x55, 0x00, 0x01, 0x00, 0x00, 0x55, 0x55, 0x55, 0x55,
0x00, 0x01, 0x00, 0x00, 0x55, 0x55, 0x55, 0x55, 0x00, 0x01, 0x00, 0x00, 0x55, 0x55, 0x55, 0x55, 0x00, 0x01, 0x00, 0x00,
0x55, 0x55, 0x55, 0x55, 0x00, 0x01, 0x00, 0x00, 0x55, 0x55, 0x55, 0x55, 0x00, 0x01, 0x00, 0x00, 0x55, 0x55, 0x55, 0x55,
0x00, 0x01, 0x00, 0x00, 0x55, 0x55, 0x55, 0x55, 0x00, 0x01, 0x00, 0x00, 0x55, 0x55, 0x55, 0x55, 0x00, 0x01, 0x00, 0x00,
0x55, 0x55, 0x55, 0x55, 0x00, 0x01, 0x00, 0x00, 0x55, 0x55, 0x55, 0x55, 0x00, 0x01, 0x00, 0x00, 0x55, 0x55, 0x55, 0x55,
0x00, 0x01, 0x00, 0x00, 0x55, 0x55, 0x55, 0x55, 0x00, 0x01, 0x00, 0x00, 0x55, 0x55, 0x55, 0x55, 0x00, 0x01, 0x00, 0x00,
0x55, 0x55, 0x55, 0x55, 0x00, 0x01, 0x00, 0x00, 0x55, 0x55, 0x55, 0x55, 0x00, 0x01, 0x00, 0x00, 0x55, 0x55, 0x55, 0x55,
0x00, 0x01, 0x00, 0x00, 0x55, 0x55, 0x55, 0x55, 0x00, 0x01, 0x00, 0x00, 0x55, 0x55, 0x55, 0x55, 0x00, 0x01, 0x00, 0x00,
0x55, 0x55, 0x55, 0x55, 0x00, 0x01, 0x00, 0x00, 0x55, 0x55, 0x55, 0x55, 0x00, 0x01, 0x00, 0x00, 0x55, 0x55, 0x55, 0x55,
0x00, 0x01, 0x00, 0x00, 0x55, 0x55, 0x55, 0x55, 0x00, 0x01, 0x00, 0x00, 0x55, 0x55, 0x55, 0x55, 0x00, 0x01, 0x00, 0x00,
0x55, 0x55, 0x55, 0x55, 0x00, 0x01, 0x00, 0x00, 0x55, 0x55, 0x55, 0x55, 0x00, 0x01, 0x00, 0x00, 0x55, 0x55, 0x55, 0x55,
0x00, 0x01, 0x00, 0x00, 0x55, 0x55, 0x55, 0x55, 0x00, 0x01, 0x00, 0x00, 0x55, 0x55, 0x55, 0x55, 0x00, 0x01, 0x00, 0x00,
0x55, 0x55, 0x55, 0x55, 0x00, 0x01, 0x00, 0x00, 0x55, 0x55, 0x55, 0x55, 0x00, 0x01, 0x00, 0x00, 0x55, 0x55, 0x55, 0x55,
0x00, 0x01, 0x00, 0x00, 0x55, 0x55, 0x55, 0x55, 0x00, 0x01, 0x00, 0x00, 0x55, 0x55, 0x55, 0x55, 0x00, 0x01, 0x00, 0x00,
0x55, 0x55, 0x55, 0x55, 0x00, 0x01, 0x00, 0x00, 0x55, 0x55, 0x55, 0x55, 0x00, 0x01, 0x00, 0x00, 0x55, 0x55, 0x55, 0x55,
0x00, 0x01, 0x00, 0x00, 0x55, 0x55, 0x55, 0x55, 0x00, 0x01, 0x00, 0x00, 0x55, 0x55, 0x55, 0x55, 0x00, 0x01, 0x00, 0x00,
0x55, 0x55, 0x55, 0x55, 0x00, 0x01, 0x00, 0x00, 0x55, 0x55, 0x55, 0x55, 0x00, 0x01, 0x00, 0x00, 0x55, 0x55, 0x55, 0x55,
0x00, 0x01, 0x00, 0x00, 0x55, 0x55, 0x55, 0x55, 0x00, 0x01, 0x00, 0x00, 0x55, 0x55, 0x55, 0x55, 0x00, 0x01, 0x00, 0x00,
0x55, 0x55, 0x55, 0x55, 0x00, 0x01, 0x00, 0x00, 0x55, 0x55, 0x55, 0x55, 0x00, 0x01, 0x00, 0x00, 0x55, 0x55, 0x55, 0x55,
0x00, 0x01, 0x00, 0x00, 0x55, 0x55, 0x55, 0x55, 0x00, 0x01, 0x00, 0x00, 0x55, 0x55, 0x55, 0x55, 0x00, 0x01, 0x00, 0x00,
0x55, 0x55, 0x55, 0x55, 0x05, 0xe0, 0x00, 0x00, 0x55, 0x4a, 0x65, 0x65, 0x05, 0xe0, 0x00, 0x00, 0x55, 0xa7, 0x66, 0x69,
0x05, 0xe0, 0x00, 0x00, 0x65, 0x65, 0x65, 0x4a, 0x05, 0xe0, 0x00, 0x00, 0x69, 0x69, 0x66, 0xa7, 0x05, 0xe0, 0x00, 0x00,
0x55, 0xfd, 0x59, 0x56, 0x05, 0xe0, 0x00, 0x00, 0x55, 0xaf, 0x95, 0x95, 0x05, 0xe0, 0x00, 0x00, 0x56, 0x56, 0x59, 0xfd,
0x05, 0xe0, 0x00, 0x00, 0x95, 0x95, 0x95, 0xaf, 0x05, 0xe0, 0x00, 0x00, 0x55, 0xa5, 0x65, 0x67, 0x05, 0xe0, 0x00, 0x00,
0x55, 0xa6, 0x95, 0xd5, 0x05, 0xe0, 0x00, 0x00, 0x6e, 0x65, 0x65, 0xa5, 0x00, 0x00, 0x07, 0xe0, 0x00, 0x80, 0x80, 0xa2,
0x05, 0xe0, 0x00, 0x00, 0x55, 0x97, 0x95, 0xf5, 0x05, 0xe0, 0x00, 0x00, 0x55, 0xd5, 0x95, 0x95, 0x05, 0xe0, 0x00, 0x00,
0x6d, 0x95, 0x95, 0x95, 0x05, 0xe0, 0x00, 0x00, 0x65, 0x65, 0x67, 0x5f, 0x05, 0xe0, 0x00, 0x00, 0x55, 0x7d, 0x67, 0x66,
0x05, 0xe0, 0x00, 0x00, 0x55, 0xab, 0xd6, 0x56, 0x05, 0xe0, 0x00, 0x00, 0x97, 0x95, 0xd5, 0x55, 0x05, 0xe0, 0x00, 0x00,
0xd6, 0xab, 0x59, 0x5e, 0x05, 0xe0, 0x00, 0x00, 0x55, 0x59, 0x62, 0x69, 0x05, 0xe0, 0x00, 0x00, 0x55, 0x5e, 0xdb, 0x66,
0x05, 0xe0, 0x00, 0x00, 0x72, 0x79, 0x72, 0x5d, 0x05, 0xe0, 0x00, 0x00, 0xe6, 0x9b, 0x5e, 0x55, 0x05, 0xe0, 0x00, 0x00,
0x55, 0xad, 0xaf, 0x66, 0x00, 0x00, 0x07, 0xe0, 0x00, 0x80, 0x80, 0x80, 0x00, 0x00, 0x07, 0xe0, 0x22, 0xa8, 0xa0, 0x00,
0x00, 0x00, 0x07, 0xe0, 0x80, 0xaa, 0x00, 0x00, 0x00, 0x00, 0x07, 0xe0, 0x00, 0x10, 0x28, 0x2a, 0x05, 0xe0, 0x00, 0x00,
0x55, 0xaa, 0xab, 0x69, 0x00, 0x00, 0x07, 0xe0, 0x22, 0x20, 0x00, 0x00, 0x00, 0x00, 0x07, 0xe0, 0x28, 0x28, 0x00, 0x00,
0x05, 0xe0, 0x00, 0x00, 0x55, 0x59, 0xdb, 0x9a, 0x05, 0xe0, 0x00, 0x00, 0x55, 0xab, 0xd6, 0x56, 0x05, 0xe0, 0x00, 0x00,
0xfb, 0x69, 0x55, 0x55, 0x05, 0xe0, 0x00, 0x00, 0xd6, 0xab, 0x55, 0x55, 0x05, 0xe0, 0x00, 0x00, 0x55, 0x4a, 0x65, 0x4a,
0x05, 0xe0, 0x00, 0x00, 0x55, 0x56, 0x9f, 0x59, 0x00, 0x00, 0x07, 0xe0, 0x20, 0x20, 0x00, 0x00, 0x05, 0xe0, 0x00, 0x00,
0x52, 0x65, 0x55, 0x55, 0x05, 0xe0, 0x00, 0x00, 0x55, 0x96, 0xf6, 0x66, 0x05, 0xe0, 0x00, 0x00, 0x55, 0xad, 0x59, 0xa5,
0x05, 0xe0, 0x00, 0x00, 0x86, 0x5a, 0x55, 0x55, 0x05, 0xe0, 0x00, 0x00, 0x7d, 0x5f, 0x55, 0x55, 0x00, 0x00, 0x07, 0xe0,
0x00, 0x2a, 0x80, 0x2a, 0x05, 0xe0, 0x00, 0x00, 0x55, 0xf8, 0x56, 0x56, 0x05, 0xe0, 0x00, 0x00, 0xd5, 0x6a, 0x55, 0x55,
0x00, 0x00, 0x07, 0xe0, 0x82, 0x02, 0x00, 0x00, 0x00, 0x00, 0x07, 0xe0, 0x00, 0xa2, 0x02, 0x02, 0x00, 0x00, 0x07, 0xe0,
0x00, 0x08, 0x08, 0x08, 0x05, 0xe0, 0x00, 0x00, 0x56, 0x57, 0x55, 0x55, 0x05, 0xe0, 0x00, 0x00, 0x59, 0xad, 0x55, 0x55,
0x00, 0x00, 0x07, 0xe0, 0x00, 0x80, 0x80, 0x22, 0x05, 0xe0, 0x00, 0x00, 0x55, 0x99, 0x99, 0x5f, 0x05, 0xe0, 0x00, 0x00,
0x66, 0x7b, 0x55, 0x55, 0x00, 0x00, 0x07, 0xe0, 0x02, 0x02, 0x00, 0x00, 0x05, 0xe0, 0x00, 0x00, 0x55, 0x65, 0xa6, 0xbe,
0x06, 0xc0, 0x00, 0x00, 0x55, 0xbd, 0x59, 0x54, 0x00, 0x00, 0x07, 0xe0, 0x8a, 0x08, 0x00, 0x00, 0x05, 0xe0, 0x00, 0x00,
0x59, 0x7d, 0x55, 0x55, 0x05, 0xe0, 0x00, 0x00, 0x55, 0xfe, 0x95, 0x55, 0x00, 0x00, 0x07, 0xe0, 0x00, 0xa8, 0x20, 0x80,
0x05, 0xe0, 0x00, 0x00, 0x96, 0xfa, 0x55, 0x55, 0x05, 0xe0, 0x00, 0x00, 0x55, 0xad, 0x55, 0x55, 0x05, 0xe0, 0x00, 0x00,
0x55, 0x65, 0x59, 0x5e, 0x05, 0xe0, 0x00, 0x00, 0x55, 0xfc, 0x96, 0x56, 0x00, 0x00, 0x07, 0xe0, 0x02, 0x02, 0x00, 0x02,
0x05, 0xe0, 0x00, 0x00, 0x56, 0x5c, 0x55, 0x59, 0x05, 0xe0, 0x00, 0x00, 0x55, 0x5a, 0x55, 0x57, 0x05, 0xe0, 0x00, 0x00,
0x55, 0xbe, 0x65, 0x97, 0x05, 0xe0, 0x00, 0x00, 0x5f, 0x92, 0x55, 0x5a, 0x05, 0xe0, 0x00, 0x00, 0x55, 0xbe, 0x55, 0x69,
0x05, 0xe0, 0x00, 0x00, 0x55, 0xa5, 0x65, 0xb6, 0x05, 0xe0, 0x00, 0x00, 0x55, 0x45, 0xa5, 0x65, 0x05, 0xe0, 0x00, 0x00,
0x66, 0xb5, 0x55, 0x57, 0x05, 0xe0, 0x00, 0x00, 0x89, 0x65, 0x55, 0x97, 0x05, 0xe0, 0x00, 0x00, 0x55, 0x2b, 0x95, 0xa9,
0x05, 0xe0, 0x00, 0x00, 0x55, 0x6b, 0xf5, 0xab, 0x05, 0xe0, 0x00, 0x00, 0x56, 0xa9, 0x55, 0xab, 0x05, 0xe0, 0x00, 0x00,
0x96, 0x6b, 0x55, 0x69, 0x00, 0x00, 0x07, 0xe0, 0x00, 0x2a, 0x02, 0x02, 0x05, 0xe0, 0x00, 0x00, 0x55, 0xba, 0x65, 0x7a,
0x05, 0xe0, 0x00, 0x00, 0x59, 0x7d, 0x55, 0xa6, 0x05, 0xe0, 0x00, 0x00, 0x65, 0x7a, 0x55, 0xb6, 0x05, 0xe0, 0x00, 0x00,
0x55, 0x9e, 0x99, 0x9e, 0x00, 0x00, 0x07, 0xe0, 0x00, 0x82, 0x28, 0xa8, 0x05, 0xe0, 0x00, 0x00, 0x95, 0x9e, 0x55, 0x9a,
0x05, 0xe0, 0x00, 0x00, 0xf9, 0x96, 0x55, 0xfa, 0x05, 0xe0, 0x00, 0x00, 0x55, 0xb6, 0x66, 0x66, 0x00, 0x00, 0x07, 0xe0,
0x00, 0xaa, 0x82, 0xaa, 0x05, 0xe0, 0x00, 0x00, 0x67, 0xb6, 0x55, 0xa5, 0x00, 0x00, 0x07, 0xe0, 0x80, 0xaa, 0x00, 0x00,
0x05, 0xe0, 0x00, 0x00, 0x55, 0x56, 0x58, 0x5f, 0x05, 0xe0, 0x00, 0x00, 0x55, 0x67, 0x26, 0x96, 0x05, 0xe0, 0x00, 0x00,
0xb2, 0x5a, 0x55, 0x55, 0x05, 0xe0, 0x00, 0x00, 0x36, 0x57, 0x55, 0x55, 0x00, 0x00, 0x07, 0xe0, 0x00, 0xa8, 0x00, 0x00,
0x05, 0xe0, 0x00, 0x00, 0x55, 0xad, 0x9a, 0xae, 0x00, 0x00, 0x07, 0xe0, 0x00, 0xa8, 0x00, 0x00, 0x05, 0xe0, 0x00, 0x00,
0x59, 0x7d, 0x55, 0x55, 0x05, 0xe0, 0x00, 0x00, 0x55, 0x97, 0x56, 0xaf, 0x05, 0xe0, 0x00, 0x00, 0x55, 0xad, 0x7d, 0xa6,
0x05, 0xe0, 0x00, 0x00, 0x9a, 0xad, 0x55, 0x55, 0x05, 0xe0, 0x00, 0x00, 0x5b, 0xae, 0x55, 0x55, 0x05, 0xe0, 0x00, 0x00,
0x55, 0x4a, 0x65, 0x65, 0x05, 0xe0, 0x00, 0x00, 0x55, 0x9a, 0xf9, 0x6a, 0x05, 0xe0, 0x00, 0x00, 0x65, 0x4a, 0x55, 0x55,
0x05, 0xe0, 0x00, 0x00, 0xf9, 0x9a, 0x55, 0x55, 0x05, 0xe0, 0x00, 0x00, 0x55, 0xa4, 0x56, 0xa4, 0x05, 0xe0, 0x00, 0x00,
0x55, 0xad, 0x57, 0xa6, 0x00, 0x00, 0x07, 0xe0, 0x02, 0xa2, 0x00, 0x00, 0x05, 0xe0, 0x00, 0x00, 0x57, 0x55, 0x55, 0x55,
0x05, 0xe0, 0x00, 0x00, 0x55, 0xaa, 0xd7, 0x5a, 0x05, 0xe0, 0x00, 0x00, 0x55, 0x65, 0x65, 0x4a, 0x05, 0xe0, 0x00, 0x00,
0xd6, 0xaa, 0x55, 0x55, 0x00, 0x00, 0x07, 0xe0, 0x20, 0x20, 0x00, 0x00, 0x05, 0xe0, 0x00, 0x00, 0x55, 0x93, 0x99, 0x19,
0x05, 0xe0, 0x00, 0x00, 0x55, 0x6e, 0x55, 0x57, 0x05, 0xe0, 0x00, 0x00, 0x99, 0x93, 0x55, 0x55, 0x05, 0xe0, 0x00, 0x00,
0x67, 0xf6, 0x55, 0x55, 0x05, 0xe0, 0x00, 0x00, 0x55, 0xb7, 0x65, 0x95, 0x05, 0xe0, 0x00, 0x00, 0x55, 0x19, 0x9b, 0x92,
0x05, 0xe0, 0x00, 0x00, 0x55, 0x5e, 0x55, 0x55, 0x00, 0x00, 0x07, 0xe0, 0x88, 0x88, 0x00, 0x00, 0x05, 0xe0, 0x00, 0x00,
0x55, 0xf7, 0xd7, 0x56, 0x05, 0xe0, 0x00, 0x00, 0x55, 0x9d, 0x25, 0xbd, 0x00, 0x00, 0x07, 0xe0, 0x80, 0x20, 0x00, 0x00,
0x05, 0xe0, 0x00, 0x00, 0xd5, 0x55, 0x55, 0x55, 0x05, 0xe0, 0x00, 0x00, 0x56, 0x68, 0x56, 0x57, 0x05, 0xe0, 0x00, 0x00,
0x55, 0xb5, 0x59, 0x55, 0x00, 0x01, 0x00, 0x00, 0x55, 0x55, 0x55, 0x55, 0x00, 0x01, 0x00, 0x00, 0x55, 0x55, 0x55, 0x55,
0x00, 0x00, 0x07, 0xe0, 0xa0, 0xa0, 0x0a, 0x00, 0x00, 0x00, 0x07, 0xe0, 0x02, 0x02, 0x28, 0x00, 0x00, 0x01, 0x00, 0x00,
0x55, 0x55, 0x55, 0x55, 0x00, 0x01, 0x00, 0x00, 0x55, 0x55, 0x55, 0x55, 0x05, 0xe0, 0x00, 0x00, 0x9f, 0x9d, 0x55, 0x55,
0x05, 0xe0, 0x00, 0x00, 0x67, 0x5d, 0x55, 0x55, 0x00, 0x01, 0x00, 0x00, 0x55, 0x55, 0x55, 0x55, 0x00, 0x01, 0x00, 0x00,
0x55, 0x55, 0x55, 0x55, 0x05, 0xe0, 0x00, 0x00, 0xab, 0x55, 0x55, 0x55, 0x05, 0xe0, 0x00, 0x00, 0xf9, 0x55, 0x55, 0x55,
0x00, 0x01, 0x00, 0x00, 0x55, 0x55, 0x55, 0x55, 0x00, 0x01, 0x00, 0x00, 0x55, 0x55, 0x55, 0x55, 0x00, 0x00, 0x07, 0xe0,
0xa2, 0x00, 0x00, 0x00, 0x05, 0xe0, 0x00, 0x00, 0x6b, 0x55, 0x55, 0x55, 0x00, 0x01, 0x00, 0x00, 0x55, 0x55, 0x55, 0x55,
0x00, 0x01, 0x00, 0x00, 0x55, 0x55, 0x55, 0x55, 0x00, 0x01, 0x00, 0x00, 0x55, 0x55, 0x55, 0x55, 0x00, 0x01, 0x00, 0x00,
0x55, 0x55, 0x55, 0x55, 0x00, 0x01, 0x00, 0x00, 0x55, 0x55, 0x55, 0x55, 0x00, 0x01, 0x00, 0x00, 0x55, 0x55, 0x55, 0x55,
0x00, 0x01, 0x00, 0x00, 0x55, 0x55, 0x55, 0x55, 0x00, 0x01, 0x00, 0x00, 0x55, 0x55, 0x55, 0x55, 0x00, 0x01, 0x00, 0x00,
0x55, 0x55, 0x55, 0x55, 0x00, 0x01, 0x00, 0x00, 0x55, 0x55, 0x55, 0x55, 0x00, 0x01, 0x00, 0x00, 0x55, 0x55, 0x55, 0x55,
0x00, 0x01, 0x00, 0x00, 0x55, 0x55, 0x55, 0x55, 0x00, 0x01, 0x00, 0x00, 0x55, 0x55, 0x55, 0x55, 0x00, 0x01, 0x00, 0x00,
0x55, 0x55, 0x55, 0x55, 0x00, 0x01, 0x00, 0x00, 0x55, 0x55, 0x55, 0x55, 0x00, 0x01, 0x00, 0x00, 0x55, 0x55, 0x55, 0x55,
0x00, 0x01, 0x00, 0x00, 0x55, 0x55, 0x55, 0x55, 0x00, 0x01, 0x00, 0x00, 0x55, 0x55, 0x55, 0x55, 0x00, 0x01, 0x00, 0x00,
0x55, 0x55, 0x55, 0x55, 0x00, 0x01, 0x00, 0x00, 0x55, 0x55, 0x55, 0x55, 0x00, 0x01, 0x00, 0x00, 0x55, 0x55, 0x55, 0x55,
0x00, 0x01, 0x00, 0x00, 0x55, 0x55, 0x55, 0x55, 0x00, 0x01, 0x00, 0x00, 0x55, 0x55, 0x55, 0x55, 0x00, 0x01, 0x00, 0x00,
0x55, 0x55, 0x55, 0x55, 0x00, 0x01, 0x00, 0x00, 0x55, 0x55, 0x55, 0x55, 0x00, 0x01, 0x00, 0x00, 0x55, 0x55, 0x55, 0x55,
0x00, 0x01, 0x00, 0x00, 0x55, 0x55, 0x55, 0x55, 0x00, 0x01, 0x00, 0x00, 0x55, 0x55, 0x55, 0x55, 0x00, 0x01, 0x00, 0x00,
0x55, 0x55, 0x55, 0x55, 0x00, 0x01, 0x00, 0x00, 0x55, 0x55, 0x55, 0x55, 0x00, 0x01, 0x00, 0x00, 0x55, 0x55, 0x55, 0x55,
0x00, 0x01, 0x00, 0x00, 0x55, 0x55, 0x55, 0x55, 0x00, 0x01, 0x00, 0x00, 0x55, 0x55, 0x55, 0x55, 0x00, 0x01, 0x00, 0x00,
0x55, 0x55, 0x55, 0x55, 0x00, 0x01, 0x00, 0x00, 0x55, 0x55, 0x55, 0x55, 0x00, 0x01, 0x00, 0x00, 0x55, 0x55, 0x55, 0x55,
0x00, 0x01, 0x00, 0x00, 0x55, 0x55, 0x55, 0x55, 0x00, 0x01, 0x00, 0x00, 0x55, 0x55, 0x55, 0x55, 0x00, 0x01, 0x00, 0x00,
0x55, 0x55, 0x55, 0x55, 0x00, 0x01, 0x00, 0x00, 0x55, 0x55, 0x55, 0x55, 0x00, 0x01, 0x00, 0x00, 0x55, 0x55, 0x55, 0x55,
0x00, 0x01, 0x00, 0x00, 0x55, 0x55, 0x55, 0x55, 0x00, 0x01, 0x00, 0x00, 0x55, 0x55, 0x55, 0x55, 0x00, 0x01, 0x00, 0x00,
0x55, 0x55, 0x55, 0x55, 0x00, 0x01, 0x00, 0x00, 0x55, 0x55, 0x55, 0x55, 0x00, 0x01, 0x00, 0x00, 0x55, 0x55, 0x55, 0x55,
0x00, 0x01, 0x00, 0x00, 0x55, 0x55, 0x55, 0x55, 0x00, 0x01, 0x00, 0x00, 0x55, 0x55, 0x55, 0x55, 0x00, 0x01, 0x00, 0x00,
0x55, 0x55, 0x55, 0x55, 0x00, 0x01, 0x00, 0x00, 0x55, 0x55, 0x55, 0x55, 0x00, 0x01, 0x00, 0x00, 0x55, 0x55, 0x55, 0x55,
0x00, 0x01, 0x00, 0x00, 0x55, 0x55, 0x55, 0x55, 0x00, 0x01, 0x00, 0x00, 0x55, 0x55, 0x55, 0x55, 0x00, 0x01, 0x00, 0x00,
0x55, 0x55, 0x55, 0x55, 0x00, 0x01, 0x00, 0x00, 0x55, 0x55, 0x55, 0x55, 0x00, 0x01, 0x00, 0x00, 0x55, 0x55, 0x55, 0x55,
0x00, 0x01, 0x00, 0x00, 0x55, 0x55, 0x55, 0x55, 0x00, 0x01, 0x00, 0x00, 0x55, 0x55, 0x55, 0x55, 0x00, 0x01, 0x00, 0x00,
0x55, 0x55, 0x55, 0x55, 0x00, 0x01, 0x00, 0x00, 0x55, 0x55, 0x55, 0x55, 0x00, 0x01, 0x00, 0x00, 0x55, 0x55, 0x55, 0x55,
0x00, 0x01, 0x00, 0x00, 0x55, 0x55, 0x55, 0x55, 0x00, 0x01, 0x00, 0x00, 0x55, 0x55, 0x55, 0x55, 0x00, 0x01, 0x00, 0x00,
0x55, 0x55, 0x55, 0x55, 0x00, 0x01, 0x00, 0x00, 0x55, 0x55, 0x55, 0x55, 0x00, 0x01, 0x00, 0x00, 0x55, 0x55, 0x55, 0x55,
0x00, 0x01, 0x00, 0x00, 0x55, 0x55, 0x55, 0x55, 0x00, 0x01, 0x00, 0x00, 0x55, 0x55, 0x55, 0x55, 0x00, 0x01, 0x00, 0x00,
0x55, 0x55, 0x55, 0x55, 0x00, 0x01, 0x00, 0x00, 0x55, 0x55, 0x55, 0x55, 0x00, 0x01, 0x00, 0x00, 0x55, 0x55, 0x55, 0x55,
0x00, 0x01, 0x00, 0x00, 0x55, 0x55, 0x55, 0x55, 0x00, 0x01, 0x00, 0x00, 0x55, 0x55, 0x55, 0x55, 0x00, 0x01, 0x00, 0x00,
0x55, 0x55, 0x55, 0x55, 0x00, 0x01, 0x00, 0x00, 0x55, 0x55, 0x55, 0x55, 0x00, 0x01, 0x00, 0x00, 0x55, 0x55, 0x55, 0x55,
0x00, 0x01, 0x00, 0x00, 0x55, 0x55, 0x55, 0x55, 0x00, 0x01, 0x00, 0x00, 0x55, 0x55, 0x55, 0x55, 0x00, 0x01, 0x00, 0x00,
0x55, 0x55, 0x55, 0x55, 0x00, 0x01, 0x00, 0x00, 0x55, 0x55, 0x55, 0x55, 0x00, 0x01, 0x00, 0x00, 0x55, 0x55, 0x55, 0x55,
0x00, 0x01, 0x00, 0x00, 0x55, 0x55, 0x55, 0x55, 0x00, 0x01, 0x00, 0x00, 0x55, 0x55, 0x55, 0x55, 0x00, 0x01, 0x00, 0x00,
0x55, 0x55, 0x55, 0x55, 0x00, 0x01, 0x00, 0x00, 0x55, 0x55, 0x55, 0x55, 0x00, 0x01, 0x00, 0x00, 0x55, 0x55, 0x55, 0x55,
0x00, 0x01, 0x00, 0x00, 0x55, 0x55, 0x55, 0x55, 0x00, 0x01, 0x00, 0x00, 0x55, 0x55, 0x55, 0x55, 0x00, 0x01, 0x00, 0x00,
0x55, 0x55, 0x55, 0x55, 0x00, 0x01, 0x00, 0x00, 0x55, 0x55, 0x55, 0x55, 0x00, 0x01, 0x00, 0x00, 0x55, 0x55, 0x55, 0x55,
0x00, 0x01, 0x00, 0x00, 0x55, 0x55, 0x55, 0x55, 0x00, 0x01, 0x00, 0x00, 0x55, 0x55, 0x55, 0x55, 0x00, 0x01, 0x00, 0x00,
0x55, 0x55, 0x55, 0x55, 0x00, 0x01, 0x00, 0x00, 0x55, 0x55, 0x55, 0x55, 0x00, 0x01, 0x00, 0x00, 0x55, 0x55, 0x55, 0x55,
0x00, 0x01, 0x00, 0x00, 0x55, 0x55, 0x55, 0x55, 0x00, 0x01, 0x00, 0x00, 0x55, 0x55, 0x55, 0x55, 0x00, 0x01, 0x00, 0x00,
0x55, 0x55, 0x55, 0x55, 0x00, 0x01, 0x00, 0x00, 0x55, 0x55, 0x55, 0x55, 0x00, 0x01, 0x00, 0x00, 0x55, 0x55, 0x55, 0x55,
0x00, 0x01, 0x00, 0x00, 0x55, 0x55, 0x55, 0x55, 0x00, 0x01, 0x00, 0x00, 0x55, 0x55, 0x55, 0x55, 0x00, 0x01, 0x00, 0x00,
0x55, 0x55, 0x55, 0x55, 0x00, 0x01, 0x00, 0x00, 0x55, 0x55, 0x55, 0x55, 0x00, 0x01, 0x00, 0x00, 0x55, 0x55, 0x55, 0x55,
0x00, 0x01, 0x00, 0x00, 0x55, 0x55, 0x55, 0x55, 0x00, 0x01, 0x00, 0x00, 0x55, 0x55, 0x55, 0x55, 0x00, 0x01, 0x00, 0x00,
0x55, 0x55, 0x55, 0x55, 0x00, 0x01, 0x00, 0x00, 0x55, 0x55, 0x55, 0x55, 0x02, 0xc0, 0x00, 0x60, 0xe9, 0x9a, 0x9a, 0x23,
0x02, 0xe0, 0x00, 0x20, 0xdb, 0x69, 0x69, 0xf3, 0x02, 0xc0, 0x00, 0x00, 0xde, 0x4e, 0x64, 0x77, 0x03, 0x20, 0x00, 0x40,
0x6f, 0x59, 0xcf, 0x6f, 0x02, 0xe0, 0x00, 0x20, 0x9b, 0x9d, 0xbd, 0x13, 0x01, 0xe0, 0x00, 0x00, 0xbd, 0x11, 0x31, 0x1a,
0x03, 0x20, 0x00, 0x20, 0x9d, 0xb1, 0xb3, 0x5d, 0x02, 0xa0, 0x00, 0xe0, 0x37, 0x13, 0xa8, 0xb5, 0x02, 0x80, 0x00, 0x60,
0x5a, 0xa6, 0x90, 0x54, 0x03, 0x60, 0x00, 0x20, 0x77, 0x8e, 0xca, 0x47, 0x02, 0x00, 0x00, 0x60, 0xc8, 0x48, 0x68, 0x3b,
0x02, 0x80, 0x01, 0x00, 0x75, 0x82, 0xba, 0x66, 0x02, 0xe0, 0x00, 0x20, 0x9d, 0x29, 0x22, 0x95, 0x02, 0xe0, 0x00, 0x00,
0x9a, 0x80, 0xba, 0x55, 0x03, 0x00, 0x00, 0x20, 0xfa, 0xa0, 0xb2, 0x95, 0x04, 0xa0, 0x00, 0x00, 0x7d, 0x6b, 0xcf, 0x55,
0x03, 0x40, 0x00, 0x20, 0x7b, 0xc6, 0xaa, 0x55, 0x02, 0xa0, 0x00, 0x00, 0xa7, 0x2e, 0x9c, 0x55, 0x03, 0x00, 0x00, 0x20,
0xb9, 0x50, 0xb7, 0x55, 0x02, 0xc0, 0x00, 0x40, 0xd9, 0xa3, 0x08, 0x55, 0x02, 0xc0, 0x00, 0x20, 0xf9, 0xab, 0x06, 0x55,
0x02, 0xc0, 0x00, 0x00, 0xec, 0xa6, 0xae, 0x55, 0x02, 0xc0, 0x00, 0x00, 0xae, 0x98, 0x28, 0x55, 0x02, 0x00, 0x00, 0x00,
0x23, 0x02, 0x07, 0x55, 0x02, 0x00, 0x00, 0x00, 0x37, 0x44, 0x62, 0x55, 0x02, 0xa0, 0x00, 0x00, 0xdf, 0xbe, 0x86, 0x55,
0x02, 0xa0, 0x00, 0x20, 0xad, 0x42, 0x09, 0x55, 0x02, 0xa0, 0x00, 0x00, 0xee, 0x27, 0x8a, 0x55, 0x03, 0x40, 0x00, 0x20,
0xdd, 0x24, 0xc7, 0x55, 0x02, 0xe0, 0x00, 0x20, 0xfb, 0xd9, 0x89, 0x55, 0x03, 0x40, 0x00, 0x20, 0xdf, 0x98, 0x7a, 0x55,
0x03, 0x80, 0x00, 0x20, 0xdd, 0x71, 0x95, 0x55, 0x03, 0x80, 0x00, 0x00, 0xcd, 0x77, 0x55, 0x55, 0x03, 0x60, 0x00, 0x00,
0x16, 0x6f, 0x55, 0x55, 0x00, 0x01, 0x00, 0x00, 0x55, 0x55, 0x55, 0x55, 0x00, 0x01, 0x00, 0x00, 0x55, 0x55, 0x55, 0x55,
0x00, 0x00, 0x01, 0xc0, 0x5a, 0x00, 0x00, 0x00, 0x00, 0x00, 0x01, 0xc0, 0x5a, 0x00, 0x00, 0x00, 0x00, 0x01, 0x00, 0x00,
0x55, 0x55, 0x55, 0x55, 0x00, 0x01, 0x00, 0x00, 0x55, 0x55, 0x55, 0x55, 0x00, 0x00, 0x01, 0xc0, 0x69, 0x00, 0x00, 0x00,
0x00, 0x01, 0x00, 0x00, 0x55, 0x55, 0x55, 0x55, 0x00, 0x01, 0x00, 0x00, 0x55, 0x55, 0x55, 0x55, 0x00, 0x01, 0x00, 0x00,
0x55, 0x55, 0x55, 0x55, 0x00, 0x01, 0x00, 0x00, 0x55, 0x55, 0x55, 0x55, 0x00, 0x01, 0x00, 0x00, 0x55, 0x55, 0x55, 0x55,
0x00, 0x01, 0x00, 0x00, 0x55, 0x55, 0x55, 0x55, 0x00, 0x01, 0x00, 0x00, 0x55, 0x55, 0x55, 0x55, 0x00, 0x01, 0x00, 0x00,
0x55, 0x55, 0x55, 0x55, 0x00, 0x01, 0x00, 0x00, 0x55, 0x55, 0x55, 0x55, 0x00, 0x01, 0x00, 0x00, 0x55, 0x55, 0x55, 0x55,
0x00, 0x01, 0x00, 0x00, 0x55, 0x55, 0x55, 0x55, 0x00, 0x01, 0x00, 0x00, 0x55, 0x55, 0x55, 0x55, 0x00, 0x01, 0x00, 0x00,
0x55, 0x55, 0x55, 0x55, 0x00, 0x01, 0x00, 0x00, 0x55, 0x55, 0x55, 0x55, 0x00, 0x01, 0x00, 0x00, 0x55, 0x55, 0x55, 0x55,
0x00, 0x01, 0x00, 0x00, 0x55, 0x55, 0x55, 0x55, 0x00, 0x01, 0x00, 0x00, 0x55, 0x55, 0x55, 0x55, 0x00, 0x01, 0x00, 0x00,
0x55, 0x55, 0x55, 0x55, 0x00, 0x01, 0x00, 0x00, 0x55, 0x55, 0x55, 0x55, 0x00, 0x01, 0x00, 0x00, 0x55, 0x55, 0x55, 0x55,
0x00, 0x01, 0x00, 0x00, 0x55, 0x55, 0x55, 0x55, 0x00, 0x01, 0x00, 0x00, 0x55, 0x55, 0x55, 0x55, 0x00, 0x01, 0x00, 0x00,
0x55, 0x55, 0x55, 0x55, 0x02, 0x00, 0x00, 0xc0, 0xe7, 0x8e, 0x67, 0x5b, 0x01, 0xe0, 0x00, 0xc0, 0xf5, 0xbf, 0xb0, 0xe2,
0x01, 0x80, 0x00, 0x00, 0x32, 0x55, 0x55, 0x55, 0x00, 0x00, 0x00, 0xe0, 0x66, 0x00, 0x00, 0x00, 0x01, 0xc0, 0x00, 0xe0,
0xea, 0x42, 0xc0, 0xe8, 0x02, 0x40, 0x00, 0xc0, 0x98, 0xb5, 0x8e, 0xfd, 0x01, 0x00, 0x00, 0x00, 0xa5, 0x55, 0x55, 0x55,
0x00, 0x01, 0x00, 0x00, 0x55, 0x55, 0x55, 0x55, 0x02, 0x00, 0x00, 0xa0, 0xa3, 0xf5, 0x4a, 0x5b, 0x01, 0xe0, 0x00, 0x60,
0xa2, 0x9f, 0x82, 0xed, 0x00, 0x01, 0x00, 0x00, 0x55, 0x55, 0x55, 0x55, 0x00, 0x01, 0x00, 0x00, 0x55, 0x55, 0x55, 0x55,
0x01, 0xc0, 0x00, 0x60, 0xbe, 0x7d, 0x23, 0x9b, 0x01, 0xe0, 0x00, 0x60, 0x2e, 0xd9, 0xce, 0x75, 0x00, 0x01, 0x00, 0x00,
0x55, 0x55, 0x55, 0x55, 0x00, 0x01, 0x00, 0x00, 0x55, 0x55, 0x55, 0x55, 